Time [sec];HipCenter_X [cm];HipCenter_Y [cm];HipCenter_Z [cm];Spine_X [cm];Spine_Y [cm];Spine_Z [cm];ShoulderCenter_X [cm];ShoulderCenter_Y [cm];ShoulderCenter_Z [cm];Head_X [cm];Head_Y [cm];Head_Z [cm];ShoulderLeft_X [cm];ShoulderLeft_Y [cm];ShoulderLeft_Z [cm];ElbowLeft_X [cm];ElbowLeft_Y [cm];ElbowLeft_Z [cm];WristLeft_X [cm];WristLeft_Y [cm];WristLeft_Z [cm];HandLeft_X [cm];HandLeft_Y [cm];HandLeft_Z [cm];ShoulderRight_X [cm];ShoulderRight_Y [cm];ShoulderRight_Z [cm];ElbowRight_X [cm];ElbowRight_Y [cm];ElbowRight_Z [cm];WristRight_X [cm];WristRight_Y [cm];WristRight_Z [cm];HandRight_X [cm];HandRight_Y [cm];HandRight_Z [cm];HipLeft_X [cm];HipLeft_Y [cm];HipLeft_Z [cm];KneeLeft_X [cm];KneeLeft_Y [cm];KneeLeft_Z [cm];AnkleLeft_X [cm];AnkleLeft_Y [cm];AnkleLeft_Z [cm];FootLeft_X [cm];FootLeft_Y [cm];FootLeft_Z [cm];HipRight_X [cm];HipRight_Y [cm];HipRight_Z [cm];KneeRight_X [cm];KneeRight_Y [cm];KneeRight_Z [cm];AnkleRight_X [cm];AnkleRight_Y [cm];AnkleRight_Z [cm];FootRight_X [cm];FootRight_Y [cm];FootRight_Z [cm]
0,000;-0.51;68.23;-9.28;-0.53;97.01;-7.54;-0.60;125.34;-4.70;1.58;136.83;-1.88;-17.39;117.68;-4.28;-23.78;95.02;-5.85;-22.76;71.42;-4.93;-21.96;64.61;-4.16;16.50;114.41;-7.25;22.67;91.96;-10.20;22.02;71.24;-7.25;17.97;65.56;-4.72;-6.13;68.36;-5.14;-10.29;38.32;-4.55;-8.66;6.52;-6.20;-9.00;1.50;4.62;5.05;68.35;-6.59;8.24;36.22;-3.60;8.51;4.07;-5.62;9.15;0.00;7.21
0,021;-0.52;68.23;-9.28;-0.52;97.01;-7.55;-0.54;125.36;-4.71;1.59;136.86;-1.89;-17.39;117.68;-4.28;-23.78;95.02;-5.84;-22.78;71.42;-4.92;-21.99;64.63;-4.11;16.52;114.42;-7.25;22.68;91.97;-10.23;21.45;71.20;-6.68;17.33;65.54;-4.13;-6.14;68.36;-5.15;-10.30;38.31;-4.57;-8.56;6.51;-6.19;-9.42;1.02;3.63;5.04;68.35;-6.60;8.25;36.20;-3.60;8.51;4.06;-5.62;9.14;0.00;7.21
0,045;-0.53;68.22;-9.29;-0.52;97.02;-7.56;-0.50;125.39;-4.71;1.60;136.89;-1.90;-17.39;117.68;-4.27;-23.77;95.02;-5.84;-22.80;71.42;-4.91;-22.01;64.71;-4.10;16.54;114.39;-7.24;22.73;91.97;-10.29;21.24;71.21;-6.46;17.10;65.58;-3.87;-6.15;68.35;-5.15;-10.30;38.28;-4.58;-8.49;6.52;-6.19;-9.35;1.03;3.63;5.03;68.34;-6.60;8.26;36.19;-3.61;8.53;4.05;-5.63;9.16;-0.02;7.20
0,077;-0.53;68.22;-9.29;-0.51;97.02;-7.57;-0.47;125.42;-4.72;1.61;136.93;-1.90;-17.38;117.67;-4.26;-23.76;95.01;-5.84;-22.82;71.41;-4.90;-22.03;64.83;-4.09;16.56;114.35;-7.23;22.79;91.95;-10.33;21.40;71.76;-6.57;17.27;66.53;-4.01;-6.15;68.35;-5.15;-10.30;38.27;-4.59;-8.44;6.53;-6.22;-9.30;1.04;3.60;5.03;68.33;-6.60;8.26;36.18;-3.63;8.55;4.05;-5.64;9.18;-0.02;7.19
0,111;-0.52;68.21;-9.29;-0.50;97.03;-7.57;-0.44;125.44;-4.71;1.62;136.96;-1.90;-17.37;117.68;-4.25;-23.75;95.02;-5.84;-22.84;71.41;-4.90;-22.07;64.89;-4.10;16.58;114.30;-7.23;22.87;91.93;-10.37;21.10;72.23;-6.29;17.05;67.35;-3.76;-6.14;68.35;-5.15;-10.30;38.28;-4.57;-8.39;6.53;-6.26;-9.25;1.04;3.56;5.03;68.32;-6.60;8.25;36.17;-3.64;8.57;4.06;-5.64;9.21;-0.01;7.19
0,144;-0.52;68.21;-9.29;-0.49;97.03;-7.56;-0.39;125.45;-4.69;1.64;136.98;-1.89;-17.35;117.68;-4.23;-23.74;95.03;-5.84;-22.86;71.42;-4.90;-22.09;64.89;-4.12;16.59;114.29;-7.22;22.93;91.94;-10.40;20.31;72.35;-5.66;16.32;67.52;-3.17;-6.14;68.35;-5.14;-10.31;38.29;-4.55;-8.36;6.52;-6.29;-9.56;0.52;2.59;5.04;68.32;-6.60;8.26;36.16;-3.65;8.60;4.08;-5.67;9.24;0.01;7.16
0,179;-0.52;68.21;-9.29;-0.47;97.04;-7.56;-0.34;125.46;-4.66;1.66;137.00;-1.88;-17.33;117.68;-4.21;-23.73;95.03;-5.84;-22.86;71.42;-4.90;-22.09;64.94;-4.13;16.60;114.28;-7.22;23.00;91.95;-10.44;19.91;72.21;-5.34;16.12;67.42;-3.00;-6.14;68.35;-5.14;-10.31;38.30;-4.54;-8.41;6.55;-6.33;-9.31;0.77;3.05;5.04;68.31;-6.60;8.26;36.14;-3.65;8.62;4.10;-5.69;9.26;0.03;7.14
0,211;-0.51;68.20;-9.29;-0.46;97.04;-7.55;-0.31;125.47;-4.64;1.68;137.03;-1.87;-17.31;117.66;-4.18;-23.72;95.01;-5.84;-22.86;71.41;-4.90;-22.05;65.03;-4.25;16.62;114.26;-7.23;23.05;91.94;-10.45;19.57;72.07;-5.04;15.93;67.40;-2.86;-6.13;68.35;-5.13;-10.31;38.29;-4.53;-8.53;6.57;-6.38;-8.87;1.25;4.01;5.04;68.30;-6.61;8.26;36.14;-3.65;8.61;4.09;-5.71;9.26;0.02;7.12
0,245;-0.50;68.20;-9.29;-0.44;97.04;-7.54;-0.29;125.46;-4.62;1.70;137.04;-1.86;-17.30;117.63;-4.16;-23.72;95.00;-5.85;-22.86;71.39;-4.91;-22.06;65.25;-4.38;16.63;114.23;-7.24;23.09;91.92;-10.45;19.62;72.03;-5.10;16.08;67.46;-2.97;-6.12;68.34;-5.12;-10.31;38.29;-4.53;-8.61;6.59;-6.42;-8.42;1.75;4.97;5.05;68.29;-6.61;8.27;36.13;-3.64;8.55;4.03;-5.69;9.21;-0.05;7.14
0,278;-0.49;68.19;-9.29;-0.43;97.03;-7.53;-0.27;125.44;-4.59;1.72;137.03;-1.86;-17.30;117.61;-4.14;-23.72;94.99;-5.85;-22.86;71.38;-4.92;-22.04;65.25;-4.43;16.66;114.19;-7.25;23.12;91.88;-10.44;19.87;71.99;-5.37;16.41;67.31;-3.25;-6.11;68.34;-5.11;-10.30;38.23;-4.56;-8.67;6.61;-6.45;-8.64;1.51;4.51;5.06;68.29;-6.62;8.27;36.13;-3.63;8.48;3.98;-5.67;9.15;-0.09;7.16
0,312;-0.49;68.19;-9.29;-0.41;97.02;-7.53;-0.24;125.41;-4.56;1.74;137.02;-1.85;-17.29;117.60;-4.12;-23.72;94.98;-5.85;-22.85;71.37;-4.93;-22.00;65.17;-4.42;16.68;114.15;-7.26;23.10;91.81;-10.40;19.89;71.90;-5.47;16.55;67.06;-3.32;-6.10;68.34;-5.11;-10.28;38.18;-4.59;-8.72;6.62;-6.45;-9.11;1.05;3.60;5.07;68.28;-6.63;8.28;36.14;-3.63;8.41;3.94;-5.64;9.08;-0.14;7.18
0,345;-0.48;68.19;-9.29;-0.39;97.02;-7.52;-0.20;125.39;-4.53;1.76;137.02;-1.85;-17.29;117.59;-4.11;-23.73;94.96;-5.85;-22.83;71.36;-4.92;-21.99;65.17;-4.39;16.69;114.14;-7.26;23.10;91.82;-10.31;20.55;71.79;-6.05;17.12;66.79;-3.81;-6.10;68.34;-5.10;-10.26;38.19;-4.61;-8.76;6.64;-6.43;-9.54;0.57;2.70;5.07;68.28;-6.64;8.30;36.15;-3.62;8.33;3.91;-5.63;9.02;-0.17;7.20
0,378;-0.48;68.19;-9.29;-0.37;97.01;-7.50;-0.17;125.37;-4.49;1.79;137.02;-1.83;-17.29;117.57;-4.10;-23.73;94.95;-5.84;-22.82;71.35;-4.92;-21.97;65.16;-4.42;16.70;114.12;-7.27;23.14;91.81;-10.34;21.31;71.87;-6.70;17.80;66.77;-4.48;-6.09;68.34;-5.10;-10.24;38.21;-4.63;-8.78;6.65;-6.41;-9.80;0.35;2.29;5.07;68.28;-6.65;8.31;36.15;-3.61;8.26;3.87;-5.60;8.95;-0.22;7.22
0,412;-0.48;68.19;-9.30;-0.35;97.01;-7.49;-0.15;125.37;-4.47;1.81;137.02;-1.82;-17.29;117.57;-4.10;-23.73;94.94;-5.83;-22.81;71.34;-4.91;-21.97;65.18;-4.40;16.72;114.09;-7.26;23.19;91.80;-10.37;21.93;72.32;-7.24;18.34;67.27;-4.91;-6.09;68.34;-5.09;-10.23;38.24;-4.64;-8.81;6.67;-6.40;-10.08;0.15;1.88;5.08;68.28;-6.66;8.32;36.16;-3.60;8.32;3.95;-5.61;9.00;-0.14;7.21
0,446;-0.47;68.19;-9.30;-0.33;97.01;-7.48;-0.14;125.37;-4.45;1.82;137.02;-1.79;-17.30;117.58;-4.12;-23.73;94.95;-5.82;-22.80;71.34;-4.90;-21.95;65.21;-4.27;16.73;114.07;-7.26;23.19;91.77;-10.38;22.36;72.91;-7.64;18.61;67.92;-5.15;-6.08;68.34;-5.09;-10.21;38.26;-4.65;-8.82;6.69;-6.40;-10.49;-0.32;0.97;5.08;68.28;-6.67;8.33;36.17;-3.60;8.33;4.02;-5.63;9.01;-0.07;7.20
0,479;-0.46;68.20;-9.30;-0.32;97.01;-7.48;-0.13;125.38;-4.43;1.84;137.03;-1.77;-17.30;117.59;-4.14;-23.73;94.96;-5.81;-22.78;71.35;-4.88;-21.93;65.30;-4.17;16.73;114.05;-7.26;23.18;91.90;-10.38;22.79;73.53;-8.02;18.92;68.55;-5.39;-6.07;68.35;-5.10;-10.20;38.28;-4.66;-8.83;6.70;-6.40;-10.89;-0.80;0.06;5.09;68.29;-6.67;8.33;36.19;-3.60;8.38;4.12;-5.65;9.05;0.03;7.18
0,511;-0.46;68.20;-9.31;-0.32;97.02;-7.47;-0.15;125.40;-4.41;1.85;137.03;-1.74;-17.31;117.60;-4.15;-23.73;94.96;-5.81;-22.77;71.36;-4.85;-21.95;65.41;-4.12;16.73;114.04;-7.24;23.19;92.04;-10.40;23.28;74.03;-8.42;19.27;69.12;-5.63;-6.06;68.34;-5.11;-10.18;38.30;-4.65;-8.83;6.71;-6.40;-10.70;-0.54;0.53;5.10;68.29;-6.67;8.34;36.21;-3.59;8.46;4.22;-5.65;9.12;0.13;7.18
0,545;-0.45;68.20;-9.31;-0.32;97.02;-7.47;-0.18;125.42;-4.41;1.87;137.03;-1.72;-17.31;117.60;-4.16;-23.73;94.96;-5.81;-22.76;71.36;-4.84;-21.96;65.66;-4.15;16.73;114.05;-7.22;23.20;92.26;-10.43;23.82;74.42;-8.77;19.62;69.51;-5.94;-6.06;68.34;-5.13;-10.17;38.35;-4.62;-8.84;6.73;-6.39;-10.28;-0.05;1.46;5.10;68.30;-6.66;8.34;36.21;-3.57;8.55;4.31;-5.64;9.20;0.22;7.18
0,578;-0.45;68.20;-9.31;-0.32;97.03;-7.47;-0.20;125.44;-4.41;1.89;137.03;-1.70;-17.31;117.61;-4.17;-23.74;94.97;-5.80;-22.75;71.37;-4.82;-21.96;65.80;-4.21;16.73;114.07;-7.19;23.22;92.30;-10.51;23.76;73.94;-8.65;19.77;68.95;-5.99;-6.05;68.33;-5.14;-10.16;38.37;-4.60;-8.84;6.74;-6.39;-9.89;0.45;2.37;5.11;68.30;-6.66;8.34;36.20;-3.55;8.64;4.38;-5.64;9.28;0.29;7.19
0,611;-0.44;68.20;-9.31;-0.32;97.04;-7.47;-0.21;125.47;-4.42;1.90;137.03;-1.68;-17.31;117.61;-4.18;-23.74;94.97;-5.80;-22.74;71.37;-4.81;-21.94;65.73;-4.10;16.72;114.11;-7.14;23.16;92.30;-10.47;23.35;73.36;-8.27;19.66;68.18;-5.81;-6.04;68.33;-5.15;-10.16;38.34;-4.59;-8.85;6.73;-6.39;-9.50;0.93;3.29;5.12;68.30;-6.64;8.33;36.18;-3.53;8.74;4.45;-5.63;9.36;0.35;7.19
0,646;-0.43;68.20;-9.30;-0.31;97.04;-7.45;-0.20;125.46;-4.38;1.92;137.04;-1.66;-17.30;117.61;-4.18;-23.74;94.97;-5.81;-22.74;71.37;-4.80;-21.95;65.73;-4.10;16.71;114.14;-7.10;23.07;92.30;-10.37;22.95;72.76;-7.88;19.54;67.44;-5.58;-6.03;68.33;-5.17;-10.15;38.34;-4.57;-8.85;6.73;-6.38;-9.11;1.40;4.19;5.13;68.30;-6.62;8.33;36.17;-3.51;8.78;4.45;-5.61;9.39;0.35;7.22
0,680;-0.42;68.20;-9.29;-0.30;97.04;-7.44;-0.18;125.45;-4.34;1.93;137.04;-1.63;-17.30;117.61;-4.18;-23.74;94.97;-5.81;-22.73;71.37;-4.80;-21.95;65.73;-4.14;16.70;114.16;-7.05;22.97;92.29;-10.26;22.58;72.78;-7.43;19.34;67.39;-5.36;-6.03;68.32;-5.17;-10.15;38.32;-4.54;-8.85;6.72;-6.36;-8.71;1.87;5.11;5.13;68.30;-6.60;8.33;36.17;-3.49;8.76;4.38;-5.56;9.35;0.28;7.27
0,711;-0.42;68.19;-9.28;-0.29;97.03;-7.42;-0.15;125.43;-4.29;1.95;137.04;-1.62;-17.29;117.60;-4.17;-23.74;94.97;-5.81;-22.72;71.37;-4.80;-21.95;65.65;-4.19;16.70;114.18;-7.00;22.90;92.20;-10.16;22.21;72.78;-7.01;19.14;67.26;-5.13;-6.02;68.32;-5.17;-10.15;38.33;-4.51;-8.86;6.70;-6.34;-8.33;2.34;6.04;5.14;68.30;-6.58;8.32;36.17;-3.47;8.75;4.31;-5.52;9.33;0.21;7.32
0,747;-0.41;68.19;-9.27;-0.28;97.02;-7.40;-0.11;125.41;-4.25;1.97;137.04;-1.60;-17.28;117.60;-4.15;-23.73;94.97;-5.81;-22.72;71.37;-4.80;-21.92;65.45;-4.19;16.70;114.18;-6.97;22.90;92.06;-10.13;21.89;72.78;-6.66;19.09;67.18;-5.09;-6.02;68.31;-5.16;-10.15;38.36;-4.47;-8.86;6.68;-6.33;-8.15;2.56;6.51;5.15;68.30;-6.55;8.32;36.17;-3.45;8.72;4.25;-5.50;9.30;0.15;7.33
0,780;-0.40;68.18;-9.25;-0.25;97.00;-7.37;-0.05;125.35;-4.20;1.98;137.02;-1.59;-17.26;117.61;-4.14;-23.72;94.98;-5.81;-22.71;71.38;-4.80;-21.86;65.30;-4.10;16.71;114.16;-6.94;22.91;91.87;-10.11;21.62;72.74;-6.37;19.04;67.14;-5.01;-6.01;68.31;-5.15;-10.14;38.28;-4.46;-8.87;6.66;-6.32;-8.16;2.54;6.51;5.16;68.29;-6.53;8.31;36.17;-3.45;8.69;4.20;-5.49;9.26;0.09;7.33
0,813;-0.39;68.18;-9.23;-0.22;96.98;-7.33;0.02;125.30;-4.14;2.00;137.00;-1.57;-17.24;117.62;-4.11;-23.71;94.99;-5.80;-22.71;71.39;-4.80;-21.84;65.03;-4.06;16.71;114.13;-6.92;22.93;91.74;-10.07;21.56;72.98;-6.27;19.01;67.33;-4.96;-6.01;68.30;-5.13;-10.14;38.22;-4.44;-8.88;6.64;-6.31;-8.17;2.52;6.52;5.17;68.28;-6.50;8.30;36.19;-3.44;8.65;4.16;-5.48;9.23;0.06;7.35
0,847;-0.39;68.17;-9.22;-0.19;96.95;-7.30;0.09;125.25;-4.07;2.01;136.99;-1.54;-17.23;117.62;-4.08;-23.69;95.00;-5.79;-22.71;71.40;-4.80;-21.83;64.88;-4.11;16.72;114.08;-6.91;22.96;91.70;-10.08;21.39;72.97;-6.11;18.83;67.43;-4.87;-6.01;68.30;-5.11;-10.14;38.24;-4.42;-8.88;6.67;-6.32;-8.17;2.54;6.51;5.18;68.28;-6.49;8.30;36.21;-3.45;8.64;4.18;-5.47;9.22;0.07;7.36
0,878;-0.38;68.17;-9.20;-0.17;96.94;-7.27;0.12;125.22;-4.05;2.02;136.98;-1.54;-17.21;117.63;-4.06;-23.68;95.01;-5.78;-22.70;71.41;-4.79;-21.79;64.83;-4.13;16.73;114.03;-6.91;23.08;92.01;-10.31;21.39;73.84;-6.06;18.73;68.33;-4.80;-6.00;68.30;-5.09;-10.13;38.27;-4.40;-8.90;6.67;-6.33;-8.17;2.54;6.50;5.19;68.27;-6.47;8.29;36.22;-3.45;8.64;4.21;-5.46;9.22;0.10;7.36
0,913;-0.37;68.17;-9.19;-0.15;96.92;-7.26;0.14;125.21;-4.05;2.03;136.96;-1.54;-17.19;117.64;-4.03;-23.67;95.03;-5.78;-22.70;71.42;-4.79;-21.78;64.85;-4.17;16.73;114.01;-6.92;23.17;92.33;-10.50;21.45;74.29;-6.13;18.69;68.74;-4.81;-5.99;68.29;-5.08;-10.12;38.29;-4.39;-8.91;6.69;-6.35;-8.18;2.56;6.48;5.20;68.27;-6.46;8.29;36.23;-3.45;8.64;4.23;-5.46;9.24;0.12;7.37
0,946;-0.36;68.16;-9.18;-0.13;96.91;-7.24;0.15;125.20;-4.05;2.04;136.95;-1.53;-17.17;117.61;-4.02;-23.66;95.01;-5.77;-22.70;71.41;-4.79;-21.80;64.97;-4.16;16.73;114.00;-6.92;23.21;92.59;-10.59;21.49;74.45;-6.20;18.68;68.83;-4.80;-5.98;68.29;-5.06;-10.12;38.29;-4.38;-8.94;6.70;-6.36;-8.20;2.57;6.47;5.21;68.27;-6.45;8.28;36.22;-3.46;8.64;4.24;-5.47;9.24;0.13;7.36
0,980;-0.35;68.16;-9.18;-0.11;96.90;-7.23;0.16;125.19;-4.04;2.04;136.95;-1.52;-17.14;117.58;-4.01;-23.66;94.98;-5.77;-22.69;71.38;-4.78;-21.84;65.11;-4.17;16.73;113.98;-6.92;23.25;92.61;-10.67;21.48;74.48;-6.21;18.64;68.93;-4.77;-5.97;68.29;-5.05;-10.11;38.28;-4.37;-8.96;6.73;-6.36;-8.22;2.60;6.47;5.22;68.26;-6.46;8.28;36.21;-3.46;8.64;4.26;-5.47;9.24;0.15;7.35
1,012;-0.34;68.16;-9.18;-0.09;96.89;-7.22;0.16;125.20;-4.05;2.05;136.95;-1.52;-17.12;117.54;-4.01;-23.67;94.95;-5.76;-22.69;71.35;-4.78;-21.84;65.02;-4.18;16.73;113.99;-6.92;23.25;92.63;-10.71;21.72;74.47;-6.45;18.71;68.88;-4.88;-5.96;68.29;-5.04;-10.11;38.35;-4.35;-8.98;6.76;-6.36;-8.24;2.63;6.47;5.23;68.26;-6.47;8.28;36.19;-3.45;8.62;4.27;-5.48;9.23;0.16;7.35
1,046;-0.34;68.17;-9.18;-0.09;96.90;-7.22;0.15;125.22;-4.05;2.05;136.96;-1.51;-17.11;117.52;-4.03;-23.67;94.93;-5.76;-22.69;71.33;-4.78;-21.86;65.25;-4.25;16.73;114.01;-6.92;23.22;92.67;-10.68;21.97;74.49;-6.70;18.86;69.01;-5.12;-5.96;68.30;-5.04;-10.12;38.48;-4.33;-9.00;6.79;-6.37;-8.26;2.66;6.47;5.22;68.27;-6.48;8.28;36.18;-3.45;8.63;4.29;-5.50;9.23;0.18;7.33
1,079;-0.34;68.17;-9.18;-0.10;96.91;-7.21;0.11;125.25;-4.06;2.06;136.97;-1.50;-17.10;117.50;-4.05;-23.67;94.91;-5.76;-22.69;71.31;-4.77;-21.89;65.28;-4.20;16.73;114.04;-6.93;23.19;92.69;-10.67;22.36;74.78;-7.04;19.08;69.26;-5.34;-5.96;68.31;-5.03;-10.12;38.55;-4.30;-9.02;6.80;-6.37;-8.28;2.67;6.46;5.21;68.28;-6.49;8.28;36.16;-3.45;8.60;4.27;-5.53;9.21;0.16;7.30
1,112;-0.35;68.18;-9.18;-0.12;96.91;-7.21;0.06;125.25;-4.06;2.06;136.95;-1.50;-17.10;117.48;-4.07;-23.67;94.89;-5.76;-22.70;71.29;-4.77;-21.92;65.25;-4.21;16.73;114.05;-6.94;23.15;92.52;-10.58;22.83;74.92;-7.46;19.38;69.42;-5.66;-5.96;68.31;-5.03;-10.12;38.57;-4.28;-9.03;6.78;-6.37;-8.30;2.65;6.47;5.20;68.28;-6.50;8.28;36.15;-3.44;8.56;4.23;-5.55;9.16;0.12;7.28
1,146;-0.36;68.17;-9.18;-0.13;96.91;-7.21;0.01;125.24;-4.06;2.06;136.93;-1.50;-17.10;117.46;-4.09;-23.68;94.87;-5.76;-22.70;71.27;-4.77;-21.93;65.17;-4.29;16.73;114.05;-6.95;23.10;92.54;-10.45;23.20;74.76;-7.81;19.64;69.24;-5.96;-5.97;68.31;-5.02;-10.12;38.57;-4.27;-9.03;6.78;-6.36;-8.30;2.65;6.47;5.19;68.28;-6.52;8.28;36.14;-3.44;8.52;4.20;-5.59;9.11;0.09;7.24
1,178;-0.37;68.18;-9.18;-0.14;96.91;-7.21;-0.02;125.24;-4.06;2.07;136.92;-1.50;-17.11;117.46;-4.11;-23.68;94.86;-5.75;-22.71;71.26;-4.77;-21.96;64.99;-4.22;16.74;114.04;-6.95;23.05;92.23;-10.33;23.57;74.56;-8.15;19.88;69.12;-6.15;-5.97;68.31;-5.01;-10.12;38.59;-4.26;-9.02;6.78;-6.36;-8.30;2.65;6.48;5.18;68.28;-6.53;8.27;36.13;-3.44;8.50;4.18;-5.59;9.09;0.07;7.24
1,213;-0.37;68.18;-9.18;-0.15;96.90;-7.21;-0.03;125.22;-4.07;2.07;136.91;-1.50;-17.12;117.48;-4.12;-23.67;94.88;-5.74;-22.72;71.27;-4.77;-21.95;64.99;-4.26;16.74;114.05;-6.98;23.03;92.09;-10.29;23.54;73.97;-8.32;19.97;68.51;-6.37;-5.98;68.31;-5.00;-10.12;38.63;-4.26;-9.01;6.79;-6.36;-8.28;2.66;6.48;5.17;68.29;-6.54;8.27;36.13;-3.44;8.49;4.16;-5.58;9.09;0.06;7.25
1,247;-0.38;68.19;-9.18;-0.17;96.90;-7.20;-0.05;125.21;-4.07;2.08;136.89;-1.50;-17.12;117.51;-4.12;-23.66;94.90;-5.74;-22.73;71.29;-4.78;-21.97;65.14;-4.29;16.75;114.05;-7.01;23.00;92.07;-10.24;23.38;73.48;-8.38;19.97;67.91;-6.36;-5.98;68.32;-4.99;-10.13;38.66;-4.27;-9.00;6.81;-6.37;-8.26;2.68;6.47;5.15;68.30;-6.55;8.28;36.16;-3.45;8.52;4.15;-5.58;9.12;0.04;7.25
1,280;-0.39;68.19;-9.18;-0.17;96.90;-7.20;-0.05;125.19;-4.06;2.08;136.87;-1.50;-17.12;117.53;-4.11;-23.65;94.91;-5.74;-22.74;71.31;-4.79;-22.01;65.27;-4.38;16.76;114.04;-7.04;23.04;92.06;-10.29;23.46;73.46;-8.55;20.02;67.83;-6.35;-5.99;68.32;-4.99;-10.14;38.66;-4.28;-8.99;6.82;-6.38;-8.60;2.19;5.54;5.15;68.30;-6.57;8.31;36.19;-3.46;8.53;4.13;-5.58;9.15;0.02;7.25
1,313;-0.39;68.19;-9.19;-0.17;96.89;-7.21;-0.04;125.17;-4.08;2.09;136.84;-1.49;-17.11;117.53;-4.09;-23.63;94.92;-5.74;-22.74;71.31;-4.82;-22.03;65.39;-4.44;16.78;114.03;-7.07;23.26;92.47;-10.55;23.51;73.49;-8.72;20.06;67.78;-6.33;-5.98;68.32;-4.98;-10.15;38.66;-4.30;-8.98;6.83;-6.40;-8.57;2.20;5.52;5.15;68.30;-6.58;8.34;36.22;-3.46;8.55;4.11;-5.57;9.18;0.01;7.26
1,347;-0.38;68.19;-9.20;-0.15;96.89;-7.20;0.01;125.17;-4.06;2.11;136.83;-1.46;-17.09;117.51;-4.05;-23.62;94.90;-5.73;-22.74;71.30;-4.85;-22.00;65.65;-4.48;16.80;114.01;-7.08;23.22;92.43;-10.53;23.53;73.30;-8.78;20.18;67.69;-6.45;-5.98;68.33;-4.98;-10.16;38.66;-4.32;-8.97;6.85;-6.41;-8.55;2.22;5.51;5.16;68.30;-6.60;8.38;36.25;-3.46;8.58;4.10;-5.56;9.22;-0.01;7.27
1,380;-0.37;68.18;-9.21;-0.11;96.88;-7.18;0.10;125.15;-3.99;2.14;136.83;-1.40;-17.04;117.45;-3.96;-23.60;94.87;-5.71;-22.73;71.27;-4.87;-22.02;65.90;-4.45;16.82;114.00;-7.09;23.24;92.24;-10.53;23.54;73.03;-8.79;20.26;67.38;-6.47;-5.96;68.32;-4.97;-10.18;38.67;-4.33;-8.97;6.87;-6.42;-8.52;2.23;5.49;5.17;68.29;-6.62;8.42;36.29;-3.46;8.62;4.11;-5.54;9.29;-0.01;7.29
1,414;-0.35;68.17;-9.21;-0.07;96.87;-7.16;0.20;125.13;-3.90;2.20;136.81;-1.32;-16.97;117.41;-3.87;-23.55;94.84;-5.69;-22.71;71.24;-4.88;-21.98;66.17;-4.42;16.86;113.98;-7.09;23.32;92.06;-10.56;23.55;72.68;-8.79;20.41;67.02;-6.58;-5.95;68.31;-4.96;-10.19;38.67;-4.34;-8.97;6.89;-6.43;-8.50;2.24;5.48;5.19;68.27;-6.64;8.46;36.32;-3.45;8.65;4.12;-5.52;9.34;-0.01;7.29
1,447;-0.32;68.15;-9.20;-0.01;96.85;-7.12;0.31;125.11;-3.82;2.28;136.80;-1.22;-16.89;117.34;-3.75;-23.50;94.80;-5.65;-22.69;71.20;-4.88;-21.94;66.30;-4.47;16.94;113.94;-7.07;23.49;92.08;-10.66;23.77;72.61;-8.88;20.59;66.89;-6.58;-5.93;68.30;-4.95;-10.19;38.70;-4.34;-8.97;6.90;-6.43;-8.48;2.25;5.47;5.22;68.25;-6.64;8.52;36.37;-3.43;8.68;4.13;-5.53;9.40;0.00;7.28
1,480;-0.28;68.13;-9.19;0.07;96.83;-7.07;0.44;125.10;-3.71;2.42;136.77;-1.09;-16.80;117.28;-3.64;-23.42;94.74;-5.57;-22.66;71.14;-4.84;-21.87;66.32;-4.34;17.05;113.89;-7.03;23.67;92.08;-10.75;23.94;72.52;-8.83;20.68;66.72;-6.55;-5.88;68.29;-4.92;-10.17;38.70;-4.31;-8.97;6.91;-6.44;-8.46;2.25;5.46;5.27;68.22;-6.64;8.58;36.40;-3.39;8.71;4.15;-5.54;9.45;0.01;7.27
1,513;-0.19;68.10;-9.16;0.20;96.81;-7.00;0.63;125.08;-3.57;2.61;136.73;-0.92;-16.66;117.19;-3.49;-23.32;94.67;-5.47;-22.53;71.07;-4.75;-21.71;66.20;-4.15;17.20;113.83;-6.94;23.87;92.08;-10.82;23.95;72.52;-8.65;20.77;66.64;-6.53;-5.80;68.26;-4.87;-10.14;38.69;-4.28;-8.98;6.90;-6.43;-8.27;2.49;5.92;5.36;68.18;-6.62;8.63;36.39;-3.32;8.71;4.16;-5.54;9.46;0.01;7.26
1,547;-0.09;68.06;-9.11;0.36;96.78;-6.91;0.84;125.07;-3.43;2.85;136.67;-0.72;-16.49;117.12;-3.33;-23.19;94.62;-5.33;-22.40;71.02;-4.62;-21.53;65.92;-3.91;17.42;113.76;-6.87;23.97;91.82;-10.78;23.96;72.25;-8.49;20.99;66.37;-6.74;-5.70;68.24;-4.81;-10.10;38.68;-4.23;-8.98;6.90;-6.42;-8.07;2.72;6.39;5.47;68.13;-6.58;8.68;36.37;-3.24;8.72;4.19;-5.55;9.50;0.03;7.25
1,580;0.06;68.01;-9.04;0.55;96.75;-6.79;1.07;125.06;-3.25;3.16;136.62;-0.51;-16.24;117.04;-3.13;-23.02;94.56;-5.17;-22.23;70.96;-4.45;-21.32;65.67;-3.68;17.71;113.65;-6.74;24.16;91.54;-10.76;24.14;71.43;-8.47;21.15;65.41;-6.78;-5.55;68.20;-4.71;-10.00;38.62;-4.13;-8.98;6.91;-6.39;-8.54;2.27;5.52;5.62;68.07;-6.52;8.76;36.38;-3.15;8.75;4.25;-5.56;9.54;0.09;7.23
1,613;0.27;67.95;-8.92;0.81;96.70;-6.62;1.39;125.02;-3.06;3.53;136.54;-0.27;-15.93;116.96;-2.89;-22.77;94.50;-4.94;-21.99;70.90;-4.23;-21.11;65.59;-3.37;18.06;113.52;-6.59;24.55;91.49;-10.86;24.22;70.89;-8.41;21.38;64.78;-6.85;-5.35;68.15;-4.57;-9.85;38.48;-3.99;-8.97;6.94;-6.36;-8.51;2.29;5.54;5.83;67.99;-6.42;8.83;36.37;-3.03;8.76;4.31;-5.56;9.57;0.14;7.23
1,647;0.52;67.89;-8.77;1.12;96.65;-6.44;1.75;124.98;-2.87;3.96;136.43;-0.02;-15.61;116.87;-2.67;-22.47;94.41;-4.65;-21.75;70.81;-3.97;-20.90;65.50;-3.01;18.47;113.39;-6.43;24.94;91.41;-10.90;24.27;70.41;-8.32;21.61;64.14;-6.78;-5.10;68.11;-4.38;-9.66;38.30;-3.78;-8.96;6.97;-6.29;-8.48;2.32;5.61;6.08;67.92;-6.31;8.92;36.35;-2.89;8.77;4.37;-5.56;9.60;0.19;7.23
1,681;0.83;67.80;-8.60;1.50;96.58;-6.25;2.17;124.92;-2.68;4.46;136.31;0.25;-15.10;116.77;-2.38;-22.11;94.36;-4.35;-21.42;70.75;-3.65;-20.64;65.43;-2.63;18.97;113.28;-6.30;25.32;91.30;-10.86;24.34;70.03;-8.22;21.87;63.45;-6.80;-4.79;68.04;-4.17;-9.45;38.06;-3.54;-8.99;6.76;-6.13;-8.47;2.11;5.76;6.39;67.82;-6.18;9.02;36.28;-2.73;8.79;4.42;-5.54;9.66;0.24;7.24
1,715;1.18;67.70;-8.41;1.90;96.49;-6.03;2.63;124.84;-2.45;4.99;136.18;0.52;-14.56;116.67;-2.08;-21.71;94.30;-4.03;-21.07;70.70;-3.27;-20.41;65.35;-2.19;19.44;113.19;-6.16;25.67;91.16;-10.70;24.63;69.81;-8.17;22.35;63.24;-6.80;-4.45;67.96;-3.96;-9.26;37.82;-3.14;-9.01;6.51;-5.87;-8.44;1.86;6.02;6.73;67.69;-6.01;9.12;36.19;-2.56;8.81;4.46;-5.52;9.72;0.28;7.25
1,748;1.56;67.58;-8.19;2.35;96.36;-5.81;3.13;124.70;-2.23;5.53;135.95;0.84;-13.99;116.54;-1.79;-21.30;94.23;-3.73;-20.79;70.62;-2.87;-20.20;65.19;-1.84;20.01;113.09;-5.95;26.12;91.01;-10.42;25.08;69.50;-8.16;22.94;62.75;-6.77;-4.08;67.87;-3.72;-9.02;37.70;-2.47;-9.02;6.22;-5.53;-8.42;1.57;6.35;7.11;67.56;-5.81;9.24;36.11;-2.42;8.84;4.52;-5.49;9.78;0.33;7.28
1,782;1.94;67.47;-7.95;2.79;96.23;-5.54;3.64;124.53;-1.96;6.10;135.72;1.17;-13.40;116.42;-1.48;-20.85;94.15;-3.43;-20.54;70.54;-2.51;-20.01;65.11;-1.52;20.60;112.99;-5.67;26.62;90.86;-10.06;25.48;69.03;-7.99;23.45;62.04;-6.53;-3.70;67.78;-3.44;-8.78;37.61;-1.50;-9.06;5.94;-4.75;-8.46;1.29;7.13;7.48;67.41;-5.60;9.39;36.03;-2.27;8.88;4.56;-5.46;9.82;0.37;7.31
1,811;2.34;67.33;-7.67;3.28;96.07;-5.25;4.21;124.35;-1.67;6.66;135.46;1.57;-12.84;116.28;-1.20;-20.37;94.04;-3.15;-20.32;70.43;-2.18;-19.86;65.06;-1.21;21.17;112.90;-5.32;27.17;90.73;-9.56;25.74;68.86;-7.57;23.94;61.67;-6.05;-3.31;67.69;-3.14;-8.56;37.56;-0.43;-9.09;5.67;-3.83;-8.27;1.25;8.49;7.88;67.24;-5.32;9.58;35.88;-2.07;8.91;4.57;-5.41;9.84;0.38;7.36
1,845;2.69;67.18;-7.34;3.72;95.90;-4.89;4.76;124.15;-1.25;7.18;135.23;2.03;-12.32;116.14;-0.93;-19.93;93.94;-2.93;-20.11;70.33;-1.92;-19.72;65.08;-1.07;21.69;112.80;-4.88;27.66;90.57;-8.91;26.08;68.63;-6.82;24.54;61.60;-5.39;-2.96;67.59;-2.81;-8.40;37.58;0.81;-9.08;5.52;-2.50;-8.06;1.32;10.27;8.23;67.05;-5.01;9.79;35.70;-1.85;8.94;4.54;-5.34;9.82;0.34;7.43
1,877;2.98;67.04;-6.98;4.12;95.73;-4.49;5.25;123.95;-0.82;7.63;134.98;2.54;-11.80;116.02;-0.64;-19.53;93.87;-2.72;-19.91;70.26;-1.66;-19.55;64.92;-0.93;22.18;112.72;-4.31;28.04;90.39;-8.09;26.62;68.50;-6.02;25.12;61.39;-4.58;-2.68;67.49;-2.48;-8.29;37.64;2.26;-9.10;5.35;-0.52;-8.16;1.15;12.25;8.53;66.85;-4.61;10.00;35.51;-1.62;8.97;4.50;-5.28;9.77;0.30;7.49
1,912;3.23;66.90;-6.56;4.45;95.56;-4.04;5.68;123.76;-0.34;8.00;134.75;3.07;-11.39;115.90;-0.34;-19.16;93.78;-2.53;-19.77;70.18;-1.46;-19.37;64.73;-0.78;22.58;112.60;-3.63;28.41;90.20;-7.14;27.19;68.24;-5.15;25.74;61.23;-3.55;-2.45;67.41;-2.11;-8.18;37.76;3.76;-9.04;5.31;1.66;-8.48;0.97;14.06;8.78;66.66;-4.13;10.21;35.35;-1.40;8.99;4.45;-5.23;9.68;0.25;7.56
1,944;3.41;66.77;-6.10;4.73;95.38;-3.52;6.03;123.53;0.26;8.27;134.51;3.71;-11.10;115.79;-0.01;-18.83;93.68;-2.32;-19.67;70.08;-1.35;-19.25;64.56;-0.67;22.88;112.46;-2.81;28.77;90.03;-6.14;27.70;67.94;-4.04;26.33;60.99;-2.29;-2.26;67.33;-1.70;-8.05;37.87;5.36;-9.06;5.45;4.46;-8.64;1.10;16.87;8.97;66.48;-3.63;10.40;35.22;-1.13;9.03;4.37;-5.15;9.58;0.16;7.64
1,979;3.55;66.64;-5.57;4.93;95.22;-2.87;6.30;123.33;1.02;8.44;134.35;4.44;-10.83;115.68;0.50;-18.53;93.59;-2.02;-19.57;70.01;-1.27;-19.18;64.49;-0.59;23.11;112.30;-1.88;29.05;89.84;-4.99;28.16;67.51;-2.81;26.78;60.64;-0.90;-2.14;67.25;-1.21;-7.89;37.94;6.85;-9.06;5.65;7.32;-8.76;1.29;19.73;9.10;66.30;-3.05;10.62;35.15;-0.78;9.07;4.29;-5.06;9.50;0.07;7.73
2,010;3.60;66.49;-4.92;5.05;95.07;-2.16;6.48;123.18;1.82;8.50;134.24;5.22;-10.64;115.53;1.10;-18.29;93.48;-1.65;-19.49;69.94;-1.18;-19.17;64.44;-0.49;23.20;112.16;-0.88;29.21;89.67;-3.79;28.62;67.47;-1.35;27.23;60.75;0.68;-2.09;67.14;-0.64;-7.76;37.94;8.18;-9.02;5.91;10.12;-8.83;1.55;22.54;9.16;66.10;-2.33;10.82;35.06;-0.36;9.12;4.23;-4.97;9.43;0.00;7.83
2,046;3.61;66.33;-4.14;5.10;94.91;-1.33;6.56;123.03;2.70;8.45;134.16;6.04;-10.55;115.42;1.81;-18.12;93.38;-1.13;-19.43;69.91;-1.02;-19.20;64.37;-0.25;23.19;111.98;0.25;29.30;89.49;-2.48;28.99;67.48;0.15;27.60;60.99;2.46;-2.09;67.02;0.06;-7.65;37.92;9.41;-9.00;6.03;12.98;-9.11;1.23;25.35;9.18;65.91;-1.47;10.98;34.96;0.11;9.15;4.15;-4.83;9.35;-0.08;7.97
2,078;3.61;66.19;-3.25;5.05;94.77;-0.36;6.45;122.89;3.76;8.26;134.09;7.03;-10.56;115.27;2.72;-18.04;93.27;-0.52;-19.33;69.81;-0.64;-19.25;64.20;0.04;23.11;111.83;1.47;29.30;89.31;-1.01;29.21;67.63;1.79;27.79;61.13;4.35;-2.10;66.90;0.86;-7.53;37.86;10.61;-8.96;6.19;15.65;-9.16;1.38;28.01;9.19;65.76;-0.49;11.09;34.88;0.57;9.19;4.06;-4.68;9.29;-0.18;8.11
2,111;3.61;66.06;-2.21;4.94;94.67;0.76;6.20;122.81;4.95;7.98;134.09;8.12;-10.72;115.10;3.79;-18.05;93.13;0.24;-19.49;69.70;-0.19;-19.43;63.97;0.44;22.93;111.69;2.76;29.27;89.16;0.53;29.27;67.90;3.50;27.72;61.43;6.37;-2.11;66.77;1.84;-7.41;37.76;11.80;-8.93;6.25;17.89;-9.35;0.96;30.17;9.19;65.63;0.59;11.17;34.83;1.06;9.20;3.98;-4.53;9.25;-0.27;8.27
2,145;3.57;65.94;-1.10;4.76;94.56;1.94;5.87;122.73;6.19;7.59;134.06;9.30;-11.01;114.94;5.01;-18.16;92.96;1.24;-19.61;69.57;0.38;-19.73;63.94;0.97;22.69;111.58;4.12;29.15;89.05;2.16;29.01;68.20;5.44;27.48;61.81;8.47;-2.14;66.63;2.90;-7.31;37.67;12.90;-8.88;6.38;19.66;-9.27;0.58;31.94;9.15;65.53;1.75;11.23;34.78;1.64;9.21;3.89;-4.35;9.21;-0.36;8.45
2,178;3.48;65.81;0.23;4.50;94.48;3.28;5.43;122.69;7.55;7.10;134.08;10.61;-11.46;114.77;6.39;-18.40;92.78;2.38;-19.94;69.49;1.26;-20.08;63.72;1.70;22.37;111.48;5.57;28.93;88.93;3.85;28.72;68.58;7.36;27.02;62.28;10.45;-2.24;66.47;4.21;-7.30;37.59;14.08;-8.85;6.42;21.05;-9.18;0.09;33.30;9.07;65.44;3.10;11.22;34.73;2.34;9.20;3.85;-4.07;9.18;-0.40;8.72
2,211;3.32;65.72;1.69;4.13;94.45;4.75;4.86;122.72;9.01;6.51;134.18;11.99;-12.02;114.57;7.88;-18.79;92.57;3.67;-20.20;69.30;2.36;-20.47;63.50;2.66;21.98;111.45;7.17;28.61;88.91;5.55;28.30;69.03;9.36;26.38;62.83;12.48;-2.40;66.35;5.64;-7.38;37.53;15.24;-8.79;6.40;22.03;-9.15;0.07;34.28;8.91;65.38;4.60;11.16;34.68;3.15;9.18;3.88;-3.71;9.13;-0.37;9.09
2,245;3.14;65.69;3.29;3.72;94.46;6.30;4.23;122.77;10.52;5.86;134.25;13.47;-12.67;114.49;9.37;-19.28;92.46;5.09;-20.51;69.19;3.58;-21.00;63.54;3.97;21.50;111.44;8.83;28.22;88.91;7.32;27.68;69.41;11.36;25.58;63.23;14.45;-2.60;66.29;7.24;-7.55;37.48;16.41;-8.77;6.34;22.84;-9.18;0.02;35.10;8.75;65.39;6.20;11.07;34.65;4.15;9.14;3.92;-3.16;9.04;-0.32;9.64
2,279;2.91;65.73;4.99;3.26;94.52;7.98;3.55;122.86;12.16;5.15;134.43;15.01;-13.40;114.48;11.04;-19.89;92.43;6.73;-20.97;69.12;5.09;-21.56;63.59;5.39;20.96;111.50;10.45;27.73;88.96;9.06;26.97;69.58;13.30;24.64;63.48;16.33;-2.83;66.28;8.96;-7.77;37.44;17.55;-8.74;6.29;23.44;-9.04;0.19;35.72;8.53;65.46;7.88;10.91;34.65;5.40;9.10;4.09;-2.47;9.01;-0.14;10.33
2,312;2.53;65.81;6.79;2.69;94.65;9.68;2.80;123.02;13.76;4.39;134.66;16.52;-14.13;114.51;12.70;-20.58;92.43;8.44;-21.58;69.10;6.81;-22.23;63.71;7.09;20.30;111.66;12.18;27.16;89.16;10.72;26.20;69.77;15.13;23.63;63.69;18.11;-3.22;66.32;10.77;-8.06;37.43;18.72;-8.73;6.23;23.83;-8.95;0.37;36.15;8.15;65.59;9.66;10.69;34.60;6.90;9.02;4.28;-1.69;8.92;0.06;11.12
2,345;2.09;65.91;8.54;2.12;94.77;11.28;2.11;123.18;15.20;3.59;134.81;17.99;-14.86;114.65;14.36;-21.29;92.52;10.29;-22.20;69.19;8.60;-22.95;63.95;8.98;19.65;111.83;13.78;26.54;89.33;12.29;25.41;69.97;16.88;22.71;63.88;19.78;-3.66;66.37;12.53;-8.40;37.45;19.79;-8.76;6.15;24.14;-8.88;0.55;36.51;7.73;65.73;11.40;10.42;34.65;8.71;8.69;4.51;-0.59;8.61;0.31;12.23
2,377;1.61;66.01;10.34;1.51;94.92;12.92;1.41;123.35;16.68;2.84;135.03;19.42;-15.54;114.78;15.96;-22.02;92.59;12.17;-22.83;69.23;10.68;-23.66;64.00;11.12;18.98;112.01;15.36;25.94;89.56;13.70;24.73;70.13;18.42;21.89;63.99;21.27;-4.16;66.43;14.35;-8.78;37.45;20.82;-8.81;6.01;24.43;-8.81;0.96;36.95;7.26;65.89;13.19;10.13;34.65;10.70;8.23;4.73;0.75;8.17;0.55;13.58
2,411;1.12;66.15;12.08;0.94;95.06;14.50;0.74;123.51;18.11;2.10;135.23;20.80;-16.16;114.97;17.58;-22.72;92.73;14.11;-23.50;69.29;13.08;-24.40;64.12;13.53;18.33;112.18;16.86;25.36;89.78;15.03;24.11;70.25;19.81;21.18;64.07;22.55;-4.65;66.52;16.06;-9.16;37.44;21.74;-8.87;5.90;24.69;-8.79;1.47;37.42;6.79;66.07;14.94;9.78;34.78;12.90;7.83;5.05;2.72;7.80;0.90;15.56
2,445;0.66;66.30;13.76;0.37;95.24;16.04;0.08;123.70;19.50;1.40;135.42;22.22;-16.70;115.19;19.15;-23.37;92.90;16.06;-24.25;69.49;15.49;-25.12;64.17;16.09;17.73;112.34;18.34;24.78;89.97;16.35;23.52;70.35;21.06;20.68;64.03;23.71;-5.12;66.63;17.75;-9.55;37.43;22.62;-8.93;5.88;24.91;-8.79;1.77;37.75;6.34;66.26;16.62;9.41;34.87;15.15;7.37;5.20;4.95;7.12;0.64;17.22
2,478;0.18;66.45;15.37;-0.14;95.40;17.51;-0.48;123.88;20.85;0.79;135.62;23.56;-17.20;115.44;20.71;-23.96;93.09;18.03;-25.01;69.78;18.06;-25.72;64.18;18.77;17.15;112.54;19.74;24.20;90.19;17.63;23.03;70.42;22.15;20.39;64.00;24.80;-5.59;66.73;19.36;-9.91;37.33;23.45;-8.99;5.88;25.11;-8.81;1.79;37.97;5.86;66.45;18.22;8.98;34.82;17.60;6.92;5.51;7.75;6.73;0.97;20.03
2,510;-0.37;66.61;16.89;-0.68;95.55;18.93;-1.00;124.02;22.15;0.26;135.74;24.89;-17.61;115.63;22.18;-24.49;93.23;19.96;-25.67;70.12;20.78;-26.13;64.24;21.58;16.64;112.73;21.07;23.67;90.39;18.81;22.67;70.48;23.10;20.29;63.91;25.74;-6.14;66.85;20.90;-10.25;37.19;24.23;-9.05;5.90;25.28;-8.83;1.82;38.15;5.31;66.65;19.74;8.53;34.76;20.03;6.38;5.55;10.74;6.22;1.03;23.03
2,545;-0.90;66.75;18.35;-1.15;95.68;20.30;-1.41;124.13;23.45;-0.16;135.84;26.21;-17.96;115.78;23.61;-24.93;93.33;22.03;-26.14;70.39;23.68;-26.35;64.32;24.64;16.19;112.96;22.41;23.18;90.63;20.00;22.46;70.62;23.98;20.36;63.98;26.52;-6.66;66.96;22.37;-10.55;37.03;25.00;-9.11;5.93;25.44;-8.86;1.86;38.30;4.79;66.83;21.18;8.06;34.92;22.66;5.86;5.43;14.06;5.41;0.41;25.33
2,578;-1.38;66.88;19.75;-1.56;95.78;21.68;-1.77;124.21;24.79;-0.45;135.90;27.57;-18.27;115.91;25.02;-25.30;93.40;24.00;-26.41;70.72;26.56;-26.39;64.43;27.85;15.83;113.12;23.66;22.77;90.81;21.09;22.34;70.71;24.72;20.53;63.85;27.19;-7.13;67.06;23.78;-10.80;36.86;25.75;-9.15;5.90;25.61;-8.85;1.83;38.48;4.31;66.99;22.57;7.63;35.11;25.23;5.53;5.16;17.59;5.13;-0.21;28.28
2,610;-1.84;67.01;21.15;-1.92;95.88;23.02;-2.05;124.29;26.08;-0.66;135.96;28.89;-18.49;116.05;26.46;-25.60;93.50;25.99;-26.45;70.89;29.59;-26.24;64.56;31.08;15.52;113.25;24.89;22.43;90.96;22.14;22.13;70.37;25.62;20.71;63.43;27.72;-7.58;67.17;25.20;-11.03;36.66;26.50;-9.20;5.87;25.80;-9.09;1.17;38.02;3.85;67.14;23.95;7.25;35.12;27.86;5.45;4.76;21.45;5.48;-0.91;31.69
2,645;-2.26;67.09;22.55;-2.24;95.95;24.41;-2.28;124.34;27.47;-0.77;135.97;30.31;-18.68;116.12;27.96;-25.83;93.53;27.93;-26.33;71.22;32.58;-25.88;64.83;34.38;15.28;113.33;26.18;22.14;91.06;23.26;22.07;70.25;26.38;20.93;63.17;28.21;-7.99;67.24;26.63;-11.22;36.46;27.30;-9.27;5.80;26.04;-9.23;0.51;37.42;3.44;67.23;25.32;6.97;35.01;30.52;5.85;4.53;25.68;5.94;-1.14;35.91
2,678;-2.64;67.14;24.02;-2.49;95.99;25.79;-2.40;124.37;28.77;-0.80;135.94;31.67;-18.80;116.12;29.45;-25.96;93.50;29.90;-26.30;72.15;35.36;-25.37;65.70;37.35;15.07;113.38;27.49;21.93;91.16;24.32;22.07;70.12;27.05;21.14;62.97;28.74;-8.37;67.28;28.11;-11.37;36.23;28.13;-9.40;5.70;26.35;-9.31;0.41;37.73;3.07;67.28;26.77;6.75;34.92;33.21;6.28;4.27;29.92;6.48;-1.57;39.80
2,712;-2.95;67.13;25.46;-2.65;95.95;27.21;-2.38;124.28;30.18;-0.75;135.87;33.07;-18.87;116.07;30.95;-26.04;93.42;31.87;-26.08;72.98;38.10;-24.69;66.60;40.28;14.98;113.30;28.80;21.84;91.18;25.26;22.10;69.79;27.69;21.26;62.64;29.12;-8.69;67.27;29.56;-11.45;35.99;28.99;-9.53;5.51;26.71;-9.39;0.23;38.09;2.75;67.28;28.20;6.68;35.00;35.99;6.78;3.94;34.18;7.16;-1.69;44.34
2,745;-3.11;67.08;26.97;-2.70;95.89;28.67;-2.32;124.20;31.59;-0.58;135.71;34.56;-18.87;116.00;32.50;-26.03;93.33;33.80;-25.83;73.72;40.66;-23.99;67.46;43.08;14.96;113.16;30.12;21.82;91.14;26.18;22.11;69.30;28.39;21.30;62.17;29.54;-8.85;67.20;31.09;-11.47;35.77;29.88;-9.64;5.34;27.09;-9.43;0.06;38.47;2.60;67.24;29.71;6.76;35.01;38.82;7.38;3.70;38.33;7.82;-1.91;48.49
2,778;-3.10;66.95;28.50;-2.61;95.77;30.20;-2.14;124.08;33.12;-0.37;135.61;36.05;-18.84;115.89;34.05;-25.95;93.19;35.58;-25.51;74.42;43.02;-23.23;68.24;45.67;15.03;112.95;31.44;21.97;91.06;27.13;22.07;68.79;29.06;21.28;61.57;30.03;-8.83;67.06;32.63;-11.46;35.55;30.79;-9.74;5.27;27.49;-9.46;-0.01;38.87;2.59;67.14;31.22;6.93;34.94;41.41;8.04;3.64;42.28;8.70;-2.28;52.51
2,812;-2.96;66.80;30.07;-2.42;95.60;31.79;-1.90;123.91;34.73;-0.11;135.49;37.59;-18.72;115.78;35.71;-25.75;93.06;37.42;-25.18;75.06;45.22;-22.39;68.91;48.10;15.18;112.65;33.02;22.20;90.97;28.17;21.94;68.30;30.08;21.21;61.02;30.73;-8.67;66.88;34.22;-11.39;35.33;31.84;-9.90;5.01;28.01;-9.60;-0.26;39.38;2.72;67.00;32.77;7.20;34.84;43.93;8.72;3.77;46.10;9.57;-1.71;57.13
2,845;-2.72;66.59;31.73;-2.18;95.43;33.41;-1.65;123.75;36.30;0.22;135.33;39.15;-18.56;115.62;37.32;-25.55;92.89;39.21;-24.90;75.72;47.26;-21.61;69.53;50.30;15.37;112.36;34.62;22.49;90.82;29.38;21.82;68.03;31.18;21.15;60.67;31.55;-8.42;66.65;35.92;-11.26;35.04;32.97;-10.08;4.78;28.52;-9.64;-0.16;40.22;2.94;66.84;34.39;7.44;34.77;46.25;9.32;3.79;49.67;9.98;-1.35;61.21
2,878;-2.36;66.39;33.41;-1.84;95.24;35.04;-1.32;123.57;37.88;0.60;135.14;40.74;-18.31;115.47;38.97;-25.22;92.71;41.02;-24.71;76.30;48.99;-20.89;70.11;52.19;15.68;112.03;36.37;22.82;90.68;30.62;21.74;67.85;32.31;21.15;60.40;32.58;-8.03;66.41;37.63;-11.09;34.73;34.11;-10.24;4.52;29.04;-9.63;0.20;41.48;3.28;66.67;36.04;7.69;34.76;48.46;9.67;3.77;52.52;10.12;-1.20;64.29
2,912;-1.90;66.16;35.16;-1.35;95.06;36.83;-0.79;123.45;39.73;1.07;135.15;42.40;-17.98;115.32;40.63;-24.79;92.53;42.75;-24.43;76.40;50.49;-20.29;70.29;53.85;16.06;111.72;38.09;23.32;90.55;31.92;21.82;68.31;33.82;21.35;60.89;33.79;-7.54;66.14;39.41;-10.88;34.30;35.39;-10.34;4.30;29.57;-9.68;0.27;42.42;3.69;66.48;37.76;7.95;34.78;50.50;9.81;3.64;54.71;10.27;-1.12;66.80
2,945;-1.41;65.95;37.04;-0.86;94.92;38.68;-0.30;123.38;41.55;1.59;135.16;44.11;-17.56;115.19;42.36;-24.28;92.38;44.41;-24.07;76.16;51.91;-19.84;70.13;55.34;16.55;111.55;39.92;23.91;90.51;33.48;21.89;68.93;35.54;21.69;61.48;35.26;-7.02;65.92;41.32;-10.63;34.02;37.16;-10.39;4.07;30.06;-9.76;0.05;42.92;4.14;66.29;39.61;8.21;34.65;52.30;9.88;3.54;56.42;10.35;-1.01;68.84
2,977;-0.92;65.78;39.07;-0.35;94.81;40.63;0.23;123.32;43.41;2.19;135.12;45.95;-17.05;115.08;44.14;-23.72;92.25;46.02;-23.51;75.49;53.48;-19.50;69.47;56.71;17.05;111.39;41.89;24.58;90.49;35.26;21.57;69.49;38.91;21.22;61.98;38.83;-6.50;65.77;43.34;-10.45;33.90;39.51;-10.34;3.90;30.92;-9.89;-0.61;42.97;4.60;66.10;41.65;8.48;34.53;53.97;9.94;3.14;57.78;10.35;-1.39;70.20
3,012;-0.43;65.63;41.09;0.17;94.70;42.53;0.78;123.26;45.19;2.77;135.10;47.67;-16.42;114.95;46.03;-23.10;92.12;47.63;-23.01;74.75;54.82;-19.30;68.68;57.80;17.62;111.21;43.98;25.31;90.38;37.32;21.25;69.99;42.46;20.79;62.54;42.59;-6.00;65.68;45.34;-10.34;34.03;42.30;-10.35;3.78;32.06;-10.08;-1.29;43.00;5.06;65.90;43.69;8.77;34.44;55.50;9.98;2.68;58.82;10.34;-1.54;71.47
3,045;0.11;65.56;43.20;0.71;94.67;44.47;1.32;123.28;46.94;3.37;135.06;49.50;-15.78;114.83;47.81;-22.49;92.02;49.12;-22.62;74.00;55.91;-19.33;67.83;58.64;18.25;111.12;45.99;25.98;90.19;39.64;21.09;70.32;46.13;20.27;63.22;46.47;-5.45;65.67;47.42;-10.23;34.23;45.41;-10.28;3.98;33.81;-10.07;-1.08;44.76;5.58;65.76;45.84;9.08;34.25;56.92;10.01;2.18;59.60;10.30;-1.72;72.48
3,078;0.64;65.52;45.34;1.30;94.66;46.47;1.96;123.29;48.81;3.94;135.08;51.37;-15.18;114.75;49.55;-21.92;91.96;50.49;-22.30;73.27;56.79;-19.56;66.97;59.18;18.92;111.09;47.97;26.64;90.05;41.93;21.82;70.17;48.71;20.86;63.09;49.14;-4.90;65.71;49.51;-10.12;34.52;48.75;-10.29;4.33;35.90;-10.14;-0.70;46.87;6.09;65.65;48.02;9.43;34.02;58.17;10.09;1.81;60.11;10.32;-2.07;73.00
3,110;1.19;65.50;47.74;1.90;94.62;48.74;2.60;123.23;50.95;4.47;135.03;53.53;-14.56;114.69;51.60;-21.36;91.94;52.00;-22.03;72.28;57.70;-19.93;66.10;59.68;19.58;111.09;50.16;27.31;89.89;44.71;22.58;69.93;51.71;21.52;62.94;52.28;-4.37;65.77;51.83;-9.90;34.66;52.49;-10.19;4.17;38.76;-9.50;-1.15;47.93;6.64;65.56;50.50;9.87;33.77;59.52;10.20;1.55;60.53;10.39;-2.32;73.43
3,148;1.63;65.53;49.92;2.38;94.61;50.78;3.11;123.19;52.85;4.93;134.94;55.53;-14.00;114.68;53.48;-20.89;92.00;53.34;-21.76;71.40;58.48;-20.38;65.25;59.93;20.17;111.15;52.22;27.88;89.73;47.43;23.31;69.32;54.67;22.13;62.38;55.59;-3.95;65.89;53.95;-9.71;34.87;56.15;-9.88;4.21;42.16;-9.46;-1.66;50.23;7.10;65.50;52.74;10.28;33.55;60.69;10.32;1.28;60.92;10.45;-2.57;73.83
3,177;2.03;65.60;51.94;2.79;94.64;52.73;3.52;123.16;54.72;5.29;134.81;57.56;-13.50;114.73;55.29;-20.49;92.12;54.59;-21.51;70.61;59.13;-20.91;64.57;60.09;20.65;111.18;54.38;28.36;89.56;50.30;24.07;68.76;57.92;22.64;61.84;59.34;-3.59;66.05;55.90;-9.52;35.09;59.74;-9.47;3.96;46.25;-9.15;-1.89;54.33;7.52;65.50;54.84;10.66;33.33;61.76;10.43;1.02;61.26;10.47;-2.81;74.18
3,211;2.38;65.67;53.84;3.16;94.65;54.67;3.90;123.12;56.70;5.54;134.77;59.57;-13.10;114.80;57.09;-20.18;92.30;55.80;-21.43;70.10;59.52;-21.48;64.12;60.17;21.07;111.20;56.42;28.73;89.34;53.24;24.98;68.28;60.85;23.40;61.39;62.63;-3.26;66.16;57.76;-9.30;35.19;63.10;-9.18;3.62;51.06;-9.42;-2.30;58.76;7.89;65.51;56.77;10.97;33.15;62.71;10.54;0.90;61.49;10.51;-2.93;74.41
3,245;2.73;65.72;55.67;3.47;94.68;56.58;4.19;123.11;58.69;5.66;134.72;61.66;-12.84;114.82;58.93;-19.99;92.43;57.05;-21.54;69.80;59.76;-22.07;63.99;60.23;21.39;111.29;58.56;29.00;89.21;56.22;26.07;68.09;63.38;24.50;61.24;65.43;-2.94;66.24;59.53;-9.01;35.19;66.11;-9.10;3.40;56.49;-9.31;-1.97;65.15;8.26;65.55;58.67;11.18;33.00;63.57;10.62;0.90;61.65;10.49;-2.93;74.56
3,279;2.98;65.77;57.55;3.70;94.71;58.61;4.39;123.13;60.85;5.70;134.70;63.91;-12.72;114.82;60.78;-19.91;92.56;58.31;-21.75;69.57;60.08;-22.71;63.97;60.37;21.63;111.35;60.69;29.17;89.12;59.27;27.04;68.26;66.00;25.47;61.29;68.53;-2.72;66.29;61.37;-8.72;35.08;68.76;-9.14;3.10;62.30;-9.36;-1.98;71.51;8.54;65.59;60.59;11.29;32.84;64.46;10.69;0.91;61.79;10.48;-2.94;74.70
3,310;3.07;65.79;59.41;3.75;94.72;60.58;4.41;123.13;62.94;5.65;134.63;66.11;-12.71;114.78;62.75;-19.92;92.64;59.64;-22.01;69.34;60.51;-23.34;63.98;60.67;21.75;111.34;63.00;29.31;89.01;62.24;27.30;69.00;69.41;25.66;61.98;72.63;-2.67;66.31;63.17;-8.51;34.99;71.18;-9.17;2.66;68.17;-9.49;-2.41;77.38;8.66;65.62;62.51;11.35;32.69;65.31;10.71;0.89;61.92;10.41;-2.97;74.82
3,345;2.97;65.82;61.21;3.66;94.76;62.50;4.31;123.17;65.00;5.49;134.62;68.24;-12.84;114.81;64.66;-20.01;92.80;60.97;-22.46;69.39;61.13;-23.98;63.72;61.06;21.73;111.32;65.27;29.18;89.05;65.26;26.96;70.17;73.48;24.98;63.33;77.50;-2.79;66.34;64.92;-8.47;35.09;73.54;-9.18;2.49;73.67;-9.89;-2.43;83.76;8.59;65.64;64.35;11.33;32.54;66.12;10.70;0.86;62.00;9.98;-3.53;73.72
3,378;2.78;65.83;63.06;3.46;94.79;64.51;4.10;123.21;67.15;5.21;134.69;70.37;-13.10;114.81;66.54;-20.21;92.89;62.37;-23.05;69.58;61.90;-24.59;63.59;61.71;21.58;111.31;67.55;28.87;89.01;68.26;26.24;71.30;77.71;23.87;64.69;82.34;-3.01;66.38;66.74;-8.52;35.27;75.74;-9.33;2.57;78.57;-10.33;-1.91;90.11;8.43;65.62;66.22;11.23;32.38;66.94;10.69;0.83;62.05;9.52;-4.09;72.57
3,410;2.50;65.79;65.11;3.17;94.75;66.64;3.80;123.18;69.36;4.81;134.67;72.58;-13.47;114.77;68.62;-20.51;92.95;63.98;-23.66;69.71;62.92;-25.20;63.20;62.59;21.27;111.22;70.01;28.39;88.97;71.31;25.24;72.20;81.73;22.38;65.91;87.07;-3.29;66.37;68.74;-8.64;35.43;78.02;-9.61;2.75;82.87;-10.61;-1.45;94.95;8.16;65.55;68.33;11.11;32.20;67.90;10.66;0.80;62.15;9.08;-4.65;71.44
3,446;2.15;65.70;67.18;2.78;94.68;68.78;3.37;123.13;71.57;4.34;134.64;74.79;-13.95;114.68;70.73;-20.98;92.92;65.81;-24.34;69.75;64.19;-25.81;62.75;63.73;20.87;111.13;72.40;27.76;88.89;74.32;23.91;72.91;85.55;20.63;66.90;91.43;-3.63;66.31;70.75;-8.84;35.59;80.10;-9.90;3.13;86.39;-10.70;-0.91;98.86;7.78;65.43;70.45;10.92;31.99;69.04;10.62;0.79;62.28;8.66;-5.19;70.34
3,477;1.66;65.59;69.45;2.26;94.62;71.05;2.82;123.10;73.84;3.76;134.65;77.02;-14.57;114.60;72.86;-21.49;92.88;67.72;-25.12;69.78;65.88;-26.42;62.51;65.28;20.36;111.02;74.82;26.96;88.78;77.23;22.40;73.49;89.05;18.79;67.71;95.26;-4.08;66.24;72.96;-9.11;35.70;82.03;-10.10;3.39;89.06;-10.70;-0.47;101.92;7.27;65.29;72.79;10.69;31.76;70.33;10.56;0.78;62.50;8.31;-5.74;69.25
3,512;1.04;65.50;71.76;1.63;94.56;73.31;2.19;123.08;76.05;3.12;134.71;79.12;-15.25;114.61;75.01;-22.09;92.88;69.80;-25.90;69.85;67.66;-27.04;62.26;67.10;19.73;110.96;77.22;26.04;88.64;79.89;20.88;73.90;92.12;17.01;68.26;98.55;-4.69;66.20;75.27;-9.46;35.73;83.92;-10.16;3.41;90.93;-10.83;-0.44;103.78;6.64;65.16;75.11;10.43;31.65;71.96;10.49;0.82;62.96;8.17;-5.69;69.72
3,545;0.30;65.46;74.21;0.92;94.54;75.62;1.50;123.07;78.23;2.36;134.74;81.26;-15.98;114.67;77.22;-22.74;92.91;72.01;-26.65;69.91;69.73;-27.57;62.03;69.13;19.00;110.95;79.53;25.02;88.54;82.40;19.49;74.04;94.76;15.43;68.52;101.19;-5.41;66.19;77.68;-9.91;35.78;85.92;-10.22;3.32;92.17;-10.91;-0.51;105.03;5.90;65.09;77.60;10.14;31.62;74.00;10.33;0.94;63.61;7.75;-6.11;68.92
3,578;-0.43;65.43;76.49;0.20;94.53;77.79;0.78;123.08;80.29;1.64;134.84;83.22;-16.70;114.68;79.23;-23.45;92.88;74.15;-27.36;69.87;71.90;-28.09;61.96;71.35;18.26;110.99;81.61;24.10;88.44;84.58;18.27;73.93;96.85;14.11;68.47;103.08;-6.12;66.18;79.93;-10.34;35.72;87.59;-10.27;3.20;92.95;-10.98;-0.62;105.82;5.17;65.04;79.90;9.79;31.68;76.29;9.91;1.35;64.78;7.48;-5.43;70.69
3,610;-1.18;65.41;78.90;-0.58;94.54;80.02;0.00;123.11;82.35;0.83;134.80;85.38;-17.46;114.65;81.50;-24.23;92.78;76.67;-27.86;69.72;74.43;-28.49;61.71;73.82;17.44;111.09;83.80;23.16;88.38;86.68;17.27;73.66;98.53;13.17;68.17;104.59;-6.86;66.15;82.37;-10.78;35.61;89.12;-10.33;3.03;93.54;-11.02;-0.77;106.42;4.41;65.04;82.29;9.39;31.93;79.11;9.44;1.80;66.54;7.36;-4.44;73.63
3,645;-1.89;65.43;81.22;-1.32;94.60;82.18;-0.78;123.20;84.34;0.08;134.80;87.48;-18.17;114.63;83.73;-24.99;92.71;79.14;-28.33;69.57;77.17;-28.88;61.66;76.69;16.68;111.21;85.79;22.35;88.37;88.52;16.54;73.32;99.92;12.67;67.71;105.62;-7.55;66.13;84.71;-11.27;35.61;90.61;-10.46;2.88;94.08;-11.08;-0.90;106.97;3.71;65.09;84.59;8.97;32.19;82.04;8.92;2.12;68.62;7.22;-3.59;76.93
3,678;-2.57;65.51;83.50;-2.04;94.69;84.34;-1.53;123.29;86.39;-0.62;134.88;89.55;-18.87;114.67;85.83;-25.72;92.66;81.61;-28.77;69.44;80.08;-29.19;61.74;79.85;16.00;111.38;87.67;21.65;88.41;90.13;16.08;72.90;101.04;12.56;67.09;106.18;-8.24;66.16;87.03;-11.75;35.62;91.94;-10.62;2.70;94.56;-11.17;-1.06;107.46;3.05;65.23;86.82;8.48;32.44;85.30;8.35;2.28;71.53;7.02;-2.89;81.08
3,710;-3.20;65.64;85.75;-2.69;94.80;86.44;-2.19;123.38;88.34;-1.25;134.93;91.56;-19.51;114.78;88.01;-26.42;92.67;84.25;-29.07;69.36;83.19;-29.43;62.02;83.18;15.37;111.57;89.55;21.03;88.50;91.59;15.97;72.15;101.94;12.82;66.22;106.47;-8.90;66.22;89.36;-12.21;35.60;93.20;-10.80;2.60;94.97;-11.26;-1.15;107.88;2.46;65.43;88.99;8.01;32.71;88.60;7.73;2.56;75.28;6.75;-2.06;86.11
3,746;-3.74;65.79;87.78;-3.27;94.92;88.40;-2.82;123.46;90.22;-1.81;134.97;93.49;-20.11;114.87;90.07;-27.03;92.65;86.79;-29.24;69.26;86.46;-29.55;61.88;86.65;14.83;111.74;91.21;20.51;88.62;92.84;16.09;71.48;102.55;13.42;65.33;106.49;-9.44;66.29;91.44;-12.66;35.57;94.37;-10.96;2.57;95.28;-11.31;-1.17;108.20;1.94;65.64;90.99;7.44;32.88;92.20;7.09;2.75;79.47;6.33;-1.58;90.95
3,779;-4.20;65.90;89.70;-3.79;95.01;90.29;-3.40;123.53;92.09;-2.31;134.98;95.44;-20.68;114.92;92.06;-27.60;92.59;89.38;-29.36;69.12;89.88;-29.64;62.04;90.25;14.33;111.87;92.85;20.11;88.80;93.96;16.34;70.86;103.02;14.21;64.54;106.42;-9.91;66.32;93.46;-13.06;35.53;95.52;-11.10;2.63;95.49;-11.35;-1.10;108.41;1.51;65.84;92.80;6.85;33.18;95.72;6.31;3.01;84.18;5.77;-1.03;96.39
3,812;-4.62;65.97;91.60;-4.25;95.07;92.18;-3.90;123.57;93.97;-2.73;134.97;97.38;-21.16;114.94;94.18;-28.07;92.49;92.01;-29.47;69.05;93.46;-29.64;62.13;94.00;13.92;111.96;94.44;19.79;88.93;94.99;16.80;70.27;103.32;15.20;63.74;106.28;-10.33;66.32;95.44;-13.41;35.45;96.61;-11.21;2.73;95.67;-11.31;-1.01;108.60;1.09;65.98;94.62;6.23;33.53;99.21;5.68;3.08;89.21;5.41;-0.68;102.14
3,845;-4.99;66.03;93.41;-4.64;95.11;94.02;-4.31;123.59;95.82;-3.04;134.99;99.23;-21.52;114.94;96.22;-28.45;92.42;94.55;-29.54;69.10;96.98;-29.58;62.44;97.88;13.60;112.01;95.96;19.56;89.06;95.87;17.37;69.65;103.46;16.27;62.92;106.03;-10.70;66.32;97.30;-13.73;35.35;97.73;-11.34;2.85;95.89;-11.29;-0.90;108.82;0.73;66.10;96.38;5.61;33.97;102.57;5.22;3.11;94.37;5.10;-0.64;107.30
3,878;-5.33;66.07;95.10;-4.98;95.14;95.80;-4.64;123.59;97.69;-3.26;135.02;101.05;-21.80;114.94;98.09;-28.76;92.35;96.94;-29.55;69.25;100.43;-29.45;62.92;101.79;13.37;112.02;97.44;19.45;89.19;96.60;17.99;69.06;103.45;17.30;62.16;105.64;-11.04;66.32;99.04;-13.95;35.19;98.81;-11.45;2.93;96.13;-11.30;-0.83;109.05;0.40;66.19;98.02;5.04;34.40;105.73;4.81;3.27;99.73;4.80;-0.48;112.65
3,910;-5.63;66.09;96.79;-5.25;95.12;97.55;-4.89;123.55;99.50;-3.40;135.00;102.83;-22.02;114.92;99.93;-28.98;92.26;99.34;-29.53;69.52;103.63;-29.24;63.35;105.48;13.20;112.04;98.89;19.36;89.33;97.32;18.61;68.52;103.34;18.30;61.48;105.18;-11.35;66.29;100.76;-14.10;34.96;99.86;-11.55;2.97;96.38;-11.28;-0.81;109.30;0.11;66.25;99.68;4.54;34.88;108.70;4.38;3.63;105.06;4.48;-0.13;117.98
3,943;-5.92;66.07;98.48;-5.47;95.08;99.28;-5.04;123.49;101.28;-3.46;134.93;104.60;-22.16;114.87;101.76;-29.10;92.15;101.59;-29.48;69.88;106.67;-28.97;63.75;109.01;13.09;112.00;100.42;19.31;89.45;98.02;19.20;68.14;103.10;19.20;60.93;104.70;-11.65;66.25;102.46;-14.18;34.68;100.92;-11.62;2.91;96.66;-11.28;-0.87;109.57;-0.17;66.25;101.36;4.10;35.40;111.55;4.05;3.97;109.82;4.23;0.22;122.73
3,977;-6.16;65.98;100.23;-5.61;94.99;101.07;-5.08;123.39;103.09;-3.42;134.84;106.40;-22.18;114.76;103.62;-29.12;92.01;103.75;-29.40;70.28;109.51;-28.69;64.23;112.30;13.03;111.92;101.96;19.35;89.54;98.79;19.73;67.81;102.85;19.96;60.45;104.25;-11.90;66.14;104.22;-14.21;34.39;102.00;-11.66;2.80;96.97;-11.22;-0.98;109.87;-0.40;66.18;103.10;3.76;35.93;114.17;3.83;4.29;114.14;4.04;0.21;126.71
4,011;-6.40;65.83;101.99;-5.69;94.85;102.87;-4.99;123.26;104.95;-3.25;134.75;108.21;-22.04;114.59;105.60;-29.08;91.86;105.87;-29.22;70.63;112.28;-28.35;64.68;115.42;13.08;111.82;103.59;19.44;89.60;99.73;20.20;67.44;102.72;20.52;59.99;103.93;-12.13;65.99;105.98;-14.16;33.98;103.14;-11.67;2.64;97.31;-11.14;-1.15;110.21;-0.63;66.04;104.85;3.55;36.39;116.50;3.70;4.50;117.96;4.00;0.41;130.53
4,046;-6.53;65.63;103.75;-5.66;94.68;104.66;-4.81;123.12;106.78;-2.97;134.62;110.00;-21.83;114.44;107.47;-28.96;91.72;107.88;-28.91;70.94;114.88;-27.95;65.04;118.28;13.20;111.68;105.32;19.57;89.63;100.81;20.56;67.03;102.80;20.90;59.53;103.88;-12.26;65.81;107.73;-14.05;33.53;104.31;-11.65;2.44;97.66;-11.08;-1.35;110.56;-0.77;65.84;106.62;3.46;36.63;118.67;3.68;4.52;121.16;3.88;0.02;133.11
4,078;-6.53;65.44;105.59;-5.52;94.52;106.54;-4.51;122.98;108.69;-2.61;134.53;111.85;-21.53;114.33;109.34;-28.75;91.63;109.81;-28.60;71.23;117.07;-27.56;65.34;120.79;13.43;111.53;107.15;19.76;89.60;102.12;20.83;66.65;103.18;21.11;59.14;104.10;-12.25;65.63;109.57;-13.90;33.10;105.53;-11.58;2.16;98.06;-11.01;-1.63;110.95;-0.77;65.63;108.47;3.46;36.73;120.51;3.67;4.46;123.73;3.88;-0.04;135.68
4,110;-6.52;65.24;107.45;-5.32;94.37;108.43;-4.12;122.88;110.62;-2.17;134.49;113.69;-21.16;114.23;111.19;-28.46;91.56;111.65;-28.15;71.13;119.27;-27.16;65.45;122.93;13.75;111.38;109.01;20.01;89.50;103.70;21.07;66.33;103.87;21.24;58.78;104.67;-12.22;65.46;111.44;-13.70;32.63;106.85;-11.49;1.85;98.48;-10.91;-1.95;111.37;-0.78;65.42;110.31;3.57;36.54;122.20;3.65;4.26;125.69;3.86;-0.24;137.63
4,145;-6.35;65.06;109.37;-4.99;94.23;110.34;-3.63;122.78;112.53;-1.62;134.43;115.55;-20.71;114.16;113.17;-28.08;91.52;113.47;-27.71;71.00;121.14;-26.81;65.48;124.70;14.15;111.22;111.01;20.35;89.40;105.44;21.31;66.05;105.04;21.26;58.30;105.72;-12.04;65.31;113.35;-13.53;32.26;108.77;-11.37;1.57;99.03;-10.80;-2.23;111.92;-0.63;65.21;112.24;3.69;36.31;123.78;3.67;3.97;127.04;3.88;-0.52;138.98
4,177;-5.98;64.93;111.38;-4.53;94.14;112.35;-3.08;122.73;114.53;-1.02;134.42;117.50;-20.20;114.09;115.10;-27.67;91.49;115.19;-27.30;70.79;122.76;-26.47;65.33;126.11;14.60;111.11;112.99;20.73;89.27;107.42;21.61;65.97;106.69;21.31;58.24;107.35;-11.67;65.22;115.35;-13.49;32.29;111.19;-11.24;1.56;100.01;-10.68;-2.23;112.90;-0.27;65.05;114.27;3.90;36.07;125.23;3.73;3.65;128.01;3.92;-0.84;139.95
4,211;-5.50;64.85;113.35;-4.00;94.09;114.30;-2.52;122.70;116.45;-0.41;134.40;119.41;-19.62;114.04;117.04;-27.23;91.51;116.82;-26.89;70.36;124.19;-26.19;65.07;127.15;15.13;111.03;114.99;21.20;89.14;109.53;21.88;65.79;108.80;21.34;58.12;109.47;-11.18;65.18;117.30;-13.49;32.39;113.81;-11.13;1.68;101.15;-10.58;-2.11;114.04;0.20;64.93;116.25;4.19;35.79;126.52;3.76;3.29;128.71;3.97;-1.02;140.81
4,245;-4.93;64.81;115.32;-3.41;94.06;116.24;-1.91;122.68;118.37;0.22;134.36;121.35;-19.06;114.03;118.84;-26.75;91.56;118.35;-26.54;69.90;125.28;-25.93;64.63;127.83;15.69;110.98;116.98;21.71;89.00;111.79;22.19;65.71;111.27;21.43;58.09;112.12;-10.61;65.21;119.29;-13.55;32.57;116.75;-11.10;1.94;102.78;-10.61;-1.84;115.68;0.75;64.83;118.20;4.52;35.42;127.68;3.81;2.92;129.17;4.01;-1.22;141.44
4,279;-4.31;64.82;117.28;-2.80;94.04;118.18;-1.32;122.63;120.28;0.83;134.31;123.28;-18.50;114.04;120.63;-26.24;91.62;119.81;-26.28;69.47;126.06;-25.75;64.09;128.24;16.27;110.92;118.92;22.25;88.80;114.17;22.54;65.61;114.17;21.62;58.03;115.17;-10.00;65.28;121.23;-13.62;32.86;119.96;-11.11;2.30;105.08;-10.66;-1.47;117.98;1.37;64.78;120.19;4.87;35.06;128.71;3.91;2.62;129.51;4.13;-1.30;142.09
4,309;-3.71;64.83;119.12;-2.19;94.03;120.07;-0.69;122.59;122.24;1.42;134.29;125.23;-17.98;114.03;122.40;-25.73;91.66;121.19;-26.05;69.01;126.68;-25.62;63.57;128.48;16.84;110.83;120.86;22.80;88.57;116.62;22.89;65.63;117.50;21.88;58.04;118.69;-9.41;65.35;123.06;-13.72;33.13;123.31;-11.08;2.67;108.08;-10.68;-1.11;120.98;1.97;64.73;122.04;5.26;34.62;129.67;3.98;2.36;129.76;4.22;-1.35;142.64
4,345;-3.10;64.85;120.89;-1.60;94.02;121.88;-0.11;122.54;124.09;1.95;134.21;127.14;-17.50;114.03;124.15;-25.24;91.71;122.50;-25.87;68.73;127.07;-25.57;63.09;128.50;17.37;110.77;122.76;23.32;88.36;119.14;23.25;65.71;120.94;22.18;58.21;122.58;-8.82;65.44;124.80;-13.81;33.51;126.92;-11.09;2.99;111.80;-10.73;-0.79;124.70;2.57;64.69;123.83;5.64;34.21;130.59;4.07;2.09;129.95;4.26;-1.62;142.83
4,379;-2.54;64.87;122.58;-1.06;94.00;123.67;0.40;122.50;125.98;2.41;134.17;129.06;-17.07;114.01;125.88;-24.79;91.77;123.75;-25.76;68.59;127.26;-25.50;62.60;128.44;17.83;110.71;124.70;23.81;88.17;121.74;23.57;65.93;124.63;22.52;58.57;126.71;-8.27;65.52;126.47;-13.87;33.85;130.31;-11.10;3.10;116.25;-10.80;-0.67;129.14;3.14;64.65;125.54;5.99;33.82;131.44;4.16;1.82;130.10;4.30;-1.90;142.98
4,409;-2.11;64.87;124.13;-0.64;93.99;125.35;0.81;122.47;127.78;2.76;134.12;130.91;-16.74;113.99;127.57;-24.40;91.82;124.97;-25.62;68.42;127.49;-25.45;62.15;128.41;18.22;110.66;126.60;24.22;87.98;124.32;23.85;66.14;128.32;22.83;58.96;130.92;-7.85;65.58;128.02;-13.80;33.88;133.31;-11.17;3.07;121.34;-11.11;-1.07;133.95;3.56;64.59;127.09;6.31;33.43;132.23;4.24;1.54;130.23;4.31;-2.19;143.10
4,444;-1.81;64.84;125.62;-0.33;93.97;127.05;1.11;122.46;129.71;3.03;134.14;132.81;-16.50;113.98;129.28;-24.08;91.87;126.21;-25.52;68.36;127.75;-25.45;61.75;128.47;18.54;110.62;128.53;24.55;87.82;126.99;24.04;66.45;132.05;23.05;59.37;135.18;-7.56;65.58;129.50;-13.60;33.61;136.13;-11.30;2.81;127.03;-11.49;-1.62;139.29;3.86;64.53;128.59;6.53;33.00;133.02;4.30;1.28;130.32;4.30;-2.47;143.18
4,476;-1.58;64.79;127.09;-0.12;93.95;128.75;1.30;122.46;131.65;3.18;134.19;134.71;-16.35;113.99;131.06;-23.82;91.95;127.51;-25.48;68.43;128.11;-25.51;61.44;128.70;18.77;110.57;130.35;24.81;87.68;129.62;24.14;66.96;135.65;23.14;60.05;139.41;-7.33;65.54;130.95;-13.32;33.22;138.75;-11.48;2.21;133.08;-11.88;-2.19;145.32;4.09;64.48;130.08;6.68;32.66;133.79;4.33;1.06;130.42;4.32;-2.72;143.26
4,510;-1.41;64.73;128.53;0.01;93.93;130.42;1.39;122.48;133.55;3.21;134.24;136.60;-16.29;114.00;132.79;-23.66;92.02;128.84;-25.47;68.53;128.60;-25.64;61.30;129.12;18.90;110.50;132.42;24.99;87.56;132.22;24.16;67.71;139.34;23.05;60.86;143.57;-7.16;65.49;132.34;-12.98;32.93;141.07;-11.65;1.75;139.02;-12.21;-2.83;150.84;4.26;64.41;131.56;6.77;32.35;134.51;4.33;0.86;130.51;4.21;-2.94;143.35
4,544;-1.29;64.66;130.06;0.04;93.91;132.17;1.31;122.52;135.50;3.10;134.29;138.55;-16.33;114.04;134.57;-23.59;92.11;130.24;-25.49;68.67;129.25;-25.82;61.12;129.64;18.90;110.45;134.48;25.09;87.48;134.86;24.05;68.47;142.74;22.81;61.85;147.58;-7.04;65.41;133.85;-12.64;32.73;143.26;-11.80;1.36;144.39;-12.64;-3.40;155.94;4.38;64.34;133.12;6.79;31.94;135.22;4.30;0.68;130.64;3.65;-3.59;142.35
4,576;-1.21;64.56;131.71;-0.03;93.88;133.95;1.09;122.54;137.43;2.87;134.33;140.48;-16.46;114.04;136.43;-23.65;92.18;131.77;-25.65;68.78;130.19;-26.08;60.98;130.42;18.83;110.41;136.42;25.08;87.43;137.38;23.78;69.29;146.06;22.32;62.71;151.43;-6.96;65.31;135.50;-12.30;32.52;145.26;-11.99;0.98;149.17;-13.05;-3.91;160.36;4.46;64.26;134.77;6.76;31.51;135.94;4.26;0.54;130.81;3.08;-4.21;141.36
4,610;-1.16;64.44;133.50;-0.18;93.82;135.85;0.75;122.52;139.42;2.53;134.36;142.41;-16.70;114.02;138.29;-23.81;92.21;133.37;-25.87;68.86;131.34;-26.43;60.85;131.50;18.64;110.37;138.55;24.93;87.38;139.81;23.36;70.05;149.19;21.63;63.54;155.04;-6.91;65.19;137.26;-12.01;32.26;147.12;-12.15;0.68;153.21;-13.43;-4.32;164.06;4.51;64.15;136.58;6.69;31.05;136.72;4.19;0.38;131.02;2.55;-4.86;140.37
4,645;-1.19;64.30;135.41;-0.40;93.73;137.81;0.35;122.48;141.44;2.07;134.37;144.38;-17.02;113.98;140.18;-24.07;92.20;135.09;-26.19;68.89;132.73;-26.87;60.72;132.80;18.36;110.33;140.58;24.65;87.32;142.14;22.79;70.74;152.12;20.77;64.37;158.35;-6.94;65.05;139.18;-11.80;32.11;148.84;-12.29;0.51;156.38;-13.65;-4.47;167.05;4.48;64.02;138.48;6.61;30.53;137.53;4.13;0.24;131.25;1.97;-5.47;139.36
4,677;-1.30;64.18;137.41;-0.70;93.65;139.80;-0.13;122.43;143.41;1.53;134.36;146.33;-17.42;113.91;142.10;-24.41;92.14;136.87;-26.63;68.86;134.37;-27.35;60.62;134.36;18.01;110.29;142.63;24.32;87.28;144.35;22.12;71.37;154.82;19.80;65.06;161.32;-7.05;64.93;141.18;-11.80;31.94;150.55;-12.38;0.40;158.59;-13.83;-4.55;169.50;4.36;63.91;140.50;6.49;29.96;138.43;4.02;0.15;131.58;1.45;-5.99;138.81
4,710;-1.54;64.08;139.49;-1.09;93.59;141.81;-0.67;122.41;145.35;0.95;134.34;148.28;-17.93;113.86;143.99;-24.88;92.06;138.82;-27.11;68.79;136.24;-27.85;60.50;136.21;17.58;110.25;144.77;23.87;87.25;146.42;21.39;71.93;157.30;18.81;65.67;163.86;-7.29;64.83;143.25;-11.89;31.91;152.10;-12.40;0.46;159.99;-13.96;-4.65;171.02;4.13;63.80;142.58;6.36;29.44;139.57;3.89;0.10;132.02;0.89;-6.52;138.17
4,744;-1.87;64.01;141.64;-1.54;93.56;143.85;-1.24;122.41;147.28;0.34;134.36;150.19;-18.49;113.82;145.92;-25.40;91.99;140.79;-27.60;68.71;138.28;-28.31;60.37;138.28;17.09;110.25;146.82;23.35;87.23;148.35;20.65;72.29;159.45;17.78;66.10;165.90;-7.62;64.77;145.39;-12.06;31.89;153.57;-12.37;0.50;160.83;-13.99;-4.77;171.92;3.81;63.74;144.75;6.22;28.90;140.86;3.65;0.11;132.64;0.63;-6.50;138.79
4,778;-2.34;63.99;143.84;-2.07;93.57;145.90;-1.82;122.44;149.19;-0.28;134.43;152.08;-19.08;113.82;147.86;-25.97;91.94;142.89;-28.10;68.62;140.62;-28.74;60.37;140.64;16.56;110.29;148.81;22.74;87.26;150.12;19.89;72.48;161.36;16.78;66.35;167.56;-8.09;64.74;147.58;-12.32;31.72;154.98;-12.35;0.38;161.35;-13.98;-4.91;172.61;3.36;63.73;146.94;6.01;28.43;142.51;3.35;0.04;133.38;0.77;-6.70;139.49
4,811;-2.87;64.00;145.98;-2.62;93.60;147.92;-2.39;122.48;151.08;-0.88;134.50;153.94;-19.70;113.82;149.78;-26.57;91.87;145.05;-28.57;68.49;143.22;-29.10;60.37;143.33;16.00;110.36;150.79;22.07;87.29;151.85;19.19;72.51;163.02;15.88;66.42;168.79;-8.62;64.74;149.68;-12.62;31.50;156.27;-12.37;0.24;161.70;-13.96;-5.11;173.14;2.84;63.75;149.13;5.78;28.18;144.45;2.96;0.04;134.43;1.10;-6.59;141.07
4,844;-3.44;64.04;148.03;-3.18;93.66;149.87;-2.95;122.56;152.93;-1.45;134.59;155.79;-20.30;113.86;151.70;-27.16;91.82;147.28;-28.98;68.51;146.00;-29.37;60.51;146.31;15.42;110.41;152.71;21.41;87.33;153.48;18.60;72.36;164.45;15.37;66.31;169.84;-9.20;64.74;151.73;-12.96;31.31;157.45;-12.41;0.17;161.93;-13.95;-5.22;173.54;2.29;63.82;151.18;5.53;28.17;146.74;2.58;0.03;135.89;1.59;-6.21;143.83
4,877;-4.01;64.12;149.98;-3.73;93.75;151.76;-3.47;122.65;154.75;-1.98;134.70;157.61;-20.89;113.94;153.54;-27.75;91.76;149.63;-29.35;68.40;149.08;-29.59;60.63;149.53;14.83;110.51;154.53;20.77;87.42;155.05;18.12;71.97;165.67;15.08;65.84;170.64;-9.77;64.79;153.66;-13.34;31.09;158.62;-12.47;0.12;162.11;-13.94;-5.27;173.81;1.73;63.95;153.15;5.15;28.30;149.27;2.15;-0.08;137.98;1.98;-5.84;146.99
4,910;-4.55;64.22;151.86;-4.24;93.87;153.57;-3.95;122.77;156.49;-2.43;134.80;159.39;-21.44;114.03;155.43;-28.27;91.72;152.04;-29.56;68.32;152.39;-29.66;60.87;153.00;14.27;110.60;156.34;20.18;87.50;156.56;17.75;71.42;166.65;15.01;65.19;171.18;-10.30;64.83;155.55;-13.66;30.93;159.69;-12.54;0.07;162.26;-13.89;-5.23;173.94;1.20;64.10;155.03;4.76;28.57;152.11;1.69;-0.30;140.76;2.34;-5.56;150.68
4,945;-5.08;64.32;153.68;-4.72;93.97;155.33;-4.37;122.88;158.19;-2.82;134.89;161.12;-21.91;114.12;157.36;-28.74;91.70;154.49;-29.63;68.28;155.79;-29.61;61.19;156.58;13.76;110.68;158.00;19.65;87.58;158.00;17.51;70.82;167.42;15.16;64.43;171.54;-10.83;64.88;157.39;-13.96;30.76;160.67;-12.61;0.00;162.40;-13.81;-5.15;173.96;0.68;64.25;156.81;4.37;28.87;155.25;1.25;-0.48;144.17;2.51;-5.34;154.83
4,976;-5.58;64.43;155.43;-5.15;94.08;157.07;-4.74;122.97;159.92;-3.14;134.98;162.84;-22.31;114.19;159.26;-29.15;91.66;156.94;-29.64;68.26;159.24;-29.50;61.59;160.23;13.30;110.77;159.56;19.20;87.68;159.33;17.39;70.16;168.05;15.53;63.56;171.81;-11.33;64.94;159.20;-14.26;30.59;161.61;-12.68;-0.09;162.50;-13.78;-5.12;173.94;0.19;64.42;158.52;3.96;29.27;158.58;1.02;-0.57;148.08;2.79;-5.30;159.17
5,010;-6.02;64.54;157.10;-5.53;94.17;158.73;-5.05;123.04;161.59;-3.39;135.02;164.55;-22.63;114.22;161.17;-29.51;91.61;159.43;-29.76;68.59;162.81;-29.43;62.08;163.98;12.92;110.85;161.01;18.85;87.78;160.58;17.38;69.50;168.55;16.09;62.70;172.02;-11.76;64.99;160.94;-14.54;30.43;162.51;-12.74;-0.21;162.57;-13.80;-5.12;173.93;-0.23;64.57;160.10;3.55;29.70;161.93;0.92;-0.62;152.30;2.88;-5.40;163.20
5,044;-6.40;64.64;158.71;-5.84;94.24;160.35;-5.30;123.09;163.20;-3.54;135.04;166.20;-22.86;114.26;163.03;-29.78;91.56;161.88;-29.68;68.69;166.36;-29.24;62.53;167.71;12.61;110.92;162.37;18.60;87.90;161.70;17.46;68.88;168.92;16.79;61.88;172.12;-12.14;65.05;162.64;-14.81;30.31;163.39;-12.79;-0.33;162.66;-13.80;-5.11;174.00;-0.61;64.72;161.64;3.22;30.28;165.23;0.98;-0.53;157.11;2.84;-4.93;168.61
5,078;-6.74;64.74;160.30;-6.10;94.31;161.97;-5.48;123.11;164.86;-3.64;135.07;167.84;-23.05;114.29;164.82;-29.98;91.53;164.26;-29.60;68.93;169.58;-29.02;62.99;171.32;12.37;111.02;163.70;18.45;88.06;162.68;17.65;68.33;169.21;17.45;61.13;172.08;-12.48;65.11;164.32;-15.06;30.14;164.27;-12.82;-0.46;162.77;-13.81;-5.13;174.08;-0.94;64.86;163.14;2.96;30.76;168.43;1.23;-0.40;162.03;2.73;-4.85;173.47
5,110;-7.01;64.83;161.90;-6.31;94.35;163.56;-5.61;123.11;166.44;-3.66;135.05;169.45;-23.18;114.30;166.57;-30.11;91.48;166.56;-29.50;69.45;172.71;-28.76;63.62;174.81;12.24;111.12;164.97;18.38;88.23;163.56;17.96;67.90;169.37;18.04;60.60;171.87;-12.75;65.16;166.00;-15.27;29.99;165.16;-12.85;-0.62;162.91;-13.83;-5.18;174.32;-1.21;64.98;164.66;2.79;30.99;171.56;1.58;-0.06;167.07;2.81;-4.77;177.99
5,144;-7.24;64.87;163.53;-6.45;94.37;165.16;-5.68;123.10;168.02;-3.62;135.01;171.04;-23.25;114.27;168.37;-30.21;91.43;168.70;-29.41;70.12;175.47;-28.47;64.34;178.08;12.19;111.18;166.23;18.39;88.38;164.36;18.31;67.63;169.44;18.61;60.25;171.59;-12.98;65.18;167.70;-15.45;29.84;166.07;-12.87;-0.80;163.07;-13.89;-5.25;174.58;-1.43;65.06;166.21;2.71;31.20;174.53;2.04;0.45;171.66;2.97;-4.61;182.31
5,177;-7.38;64.89;165.17;-6.52;94.35;166.78;-5.68;123.05;169.62;-3.52;134.96;172.63;-23.26;114.24;170.06;-30.26;91.38;170.72;-29.35;70.85;178.09;-28.14;64.95;181.09;12.22;111.21;167.55;18.46;88.51;165.16;18.70;67.40;169.49;19.11;59.96;171.36;-13.13;65.19;169.37;-15.57;29.70;167.04;-12.88;-0.99;163.26;-13.93;-5.31;174.84;-1.56;65.09;167.83;2.73;31.24;177.33;2.48;0.70;176.12;3.27;-4.62;186.51
5,210;-7.43;64.85;166.83;-6.52;94.30;168.41;-5.61;122.98;171.22;-3.34;134.86;174.24;-23.21;114.16;171.70;-30.22;91.29;172.60;-29.30;71.64;180.45;-27.84;65.59;183.90;12.30;111.17;168.97;18.56;88.59;166.02;19.10;67.15;169.58;19.54;59.71;171.23;-13.18;65.14;171.07;-15.63;29.57;168.07;-12.88;-1.18;163.50;-13.95;-5.38;175.09;-1.61;65.06;169.45;2.80;31.35;179.83;2.86;0.91;179.95;3.52;-4.60;190.01
5,244;-7.40;64.76;168.54;-6.43;94.21;170.05;-5.47;122.87;172.79;-3.10;134.74;175.82;-23.06;114.07;173.30;-30.11;91.19;174.38;-29.16;72.25;182.66;-27.46;66.12;186.44;12.46;111.11;170.42;18.72;88.62;167.01;19.48;66.88;169.73;19.89;59.44;171.24;-13.15;65.05;172.77;-15.62;29.43;169.17;-12.84;-1.35;163.77;-13.99;-5.43;175.40;-1.58;64.98;171.16;2.95;31.47;182.09;3.15;1.10;183.30;3.61;-4.59;193.04
5,278;-7.29;64.62;170.34;-6.25;94.07;171.75;-5.23;122.74;174.40;-2.78;134.59;177.43;-22.85;113.95;174.89;-29.93;91.08;176.07;-28.95;72.77;184.58;-27.00;66.55;188.60;12.71;111.01;171.94;18.94;88.60;168.13;19.87;66.57;170.12;20.17;59.13;171.48;-13.04;64.92;174.57;-15.52;29.29;170.36;-12.80;-1.52;164.13;-14.07;-5.55;175.74;-1.48;64.83;172.96;3.10;31.45;184.13;3.40;1.23;186.05;3.72;-4.70;195.43
5,310;-7.09;64.46;172.15;-5.97;93.92;173.45;-4.88;122.59;175.99;-2.39;134.42;179.05;-22.53;113.81;176.48;-29.69;90.95;177.66;-28.77;73.29;186.28;-26.60;66.90;190.45;13.06;110.89;173.52;19.26;88.54;169.43;20.26;66.24;170.73;20.41;58.81;172.02;-12.82;64.78;176.39;-15.34;29.17;171.68;-12.71;-1.68;164.58;-14.16;-5.67;176.03;-1.29;64.67;174.75;3.24;31.37;186.00;3.56;1.27;188.21;3.87;-4.91;197.08
5,344;-6.82;64.30;173.93;-5.61;93.79;175.15;-4.42;122.48;177.62;-1.90;134.26;180.75;-22.11;113.71;178.11;-29.35;90.89;179.18;-28.54;73.54;187.83;-26.20;67.08;191.92;13.50;110.79;175.19;19.61;88.46;170.89;20.62;65.89;171.64;20.64;58.50;172.88;-12.55;64.63;178.16;-15.14;29.08;173.13;-12.61;-1.81;165.08;-14.28;-5.81;176.37;-1.04;64.49;176.55;3.39;31.37;187.64;3.62;1.16;189.81;3.88;-5.10;198.44
5,376;-6.46;64.17;175.79;-5.16;93.68;176.91;-3.89;122.39;179.28;-1.36;134.11;182.51;-21.58;113.69;179.81;-28.92;90.90;180.67;-28.12;73.16;189.41;-25.92;66.89;193.25;14.03;110.70;176.98;20.05;88.38;172.54;20.96;65.63;172.97;20.83;58.20;174.21;-12.17;64.54;180.02;-14.91;29.28;175.11;-12.52;-1.73;165.93;-14.44;-5.94;176.76;-0.70;64.35;178.40;3.58;31.38;189.09;3.58;0.90;190.99;3.76;-5.37;199.50
5,410;-6.02;64.10;177.64;-4.61;93.63;178.71;-3.25;122.35;181.01;-0.75;134.01;184.32;-20.98;113.70;181.48;-28.42;90.95;182.13;-27.71;72.66;190.75;-25.70;66.57;194.22;14.53;110.63;178.55;20.56;88.26;174.30;21.33;65.40;174.72;21.05;58.01;176.00;-11.71;64.50;181.88;-14.74;29.67;177.42;-12.44;-1.53;166.93;-14.61;-5.98;177.31;-0.29;64.26;180.27;3.80;31.50;190.36;3.55;0.75;191.72;3.62;-5.56;200.09
5,445;-5.47;64.09;179.52;-4.01;93.62;180.50;-2.59;122.32;182.73;-0.11;133.92;186.14;-20.33;113.73;183.20;-27.88;91.04;183.57;-27.32;72.05;191.85;-25.56;66.07;194.87;15.23;110.67;180.48;21.12;88.25;176.26;21.68;65.30;177.06;21.29;57.87;178.24;-11.16;64.54;183.76;-14.56;30.20;180.02;-12.37;-1.14;168.27;-14.83;-5.97;177.93;0.23;64.20;182.13;4.04;31.60;191.46;3.56;0.70;192.09;3.49;-5.74;200.24
5,476;-4.88;64.12;181.35;-3.37;93.61;182.28;-1.90;122.29;184.47;0.54;133.82;187.99;-19.65;113.80;184.95;-27.31;91.16;184.99;-26.95;71.35;192.70;-25.45;65.45;195.24;15.92;110.72;182.30;21.74;88.22;178.32;22.07;65.28;179.64;21.62;57.89;180.98;-10.56;64.63;185.58;-14.37;30.87;183.01;-12.31;-0.50;169.92;-14.80;-5.75;179.31;0.79;64.16;183.97;4.29;31.54;192.43;3.54;0.56;192.39;3.41;-5.97;200.41
5,510;-4.25;64.16;183.13;-2.72;93.62;184.05;-1.24;122.26;186.22;1.17;133.71;189.86;-18.97;113.85;186.73;-26.74;91.29;186.31;-26.63;70.62;193.31;-25.45;64.76;195.35;16.60;110.78;184.12;22.36;88.19;180.44;22.53;65.41;182.58;21.96;58.06;184.16;-9.93;64.74;187.34;-14.19;31.55;186.08;-12.19;-0.01;172.05;-14.88;-5.57;180.89;1.41;64.15;185.76;4.60;31.40;193.32;3.49;0.26;192.62;3.37;-6.26;200.65
5,544;-3.63;64.22;184.84;-2.09;93.64;185.81;-0.61;122.23;188.02;1.76;133.63;191.76;-18.34;113.90;188.49;-26.18;91.41;187.59;-26.37;69.91;193.77;-25.54;64.01;195.28;17.29;110.79;185.98;23.02;88.11;182.72;23.01;65.74;185.71;22.38;58.46;187.72;-9.32;64.85;189.05;-13.99;32.19;189.38;-12.07;0.35;174.73;-14.89;-5.37;183.32;2.03;64.14;187.48;4.95;31.20;194.14;3.44;-0.08;192.78;3.33;-6.56;200.86
5,577;-3.02;64.28;186.53;-1.51;93.66;187.55;-0.05;122.19;189.81;2.28;133.54;193.63;-17.78;113.94;190.23;-25.66;91.52;188.84;-26.13;69.21;194.12;-25.64;63.26;195.15;17.92;110.78;187.85;23.67;88.00;185.12;23.42;66.13;189.23;22.78;58.88;191.68;-8.73;64.98;190.72;-13.80;32.82;192.74;-11.92;0.56;178.12;-14.81;-5.39;186.40;2.64;64.15;189.20;5.31;30.89;194.92;3.38;-0.40;192.89;3.32;-6.85;201.01
5,610;-2.46;64.34;188.16;-0.99;93.67;189.27;0.43;122.15;191.62;2.72;133.47;195.49;-17.31;113.93;191.92;-25.19;91.59;190.02;-26.02;68.76;194.24;-25.76;62.62;194.87;18.45;110.74;189.70;24.25;87.87;187.55;23.81;66.66;192.81;23.13;59.56;195.83;-8.20;65.09;192.31;-13.56;33.19;195.98;-11.80;0.70;182.17;-14.59;-5.35;190.33;3.21;64.15;190.87;5.64;30.54;195.64;3.34;-0.70;192.98;3.31;-7.13;201.12
5,644;-1.98;64.35;189.72;-0.55;93.64;190.93;0.82;122.07;193.38;3.05;133.39;197.29;-16.94;113.90;193.56;-24.79;91.63;191.14;-26.01;68.56;194.22;-25.87;62.11;194.55;18.93;110.70;191.70;24.80;87.77;190.07;24.17;67.48;196.53;23.36;60.54;200.08;-7.76;65.15;193.82;-13.25;33.16;198.91;-11.69;0.67;186.81;-14.40;-5.50;194.79;3.72;64.12;192.48;5.92;30.15;196.32;3.28;-1.00;193.08;3.29;-7.42;201.23
5,676;-1.60;64.33;191.23;-0.22;93.58;192.59;1.09;121.98;195.20;3.24;133.28;199.16;-16.66;113.87;195.20;-24.46;91.68;192.29;-26.04;68.44;194.25;-26.01;61.76;194.42;19.29;110.63;193.67;25.31;87.66;192.61;24.40;68.39;200.16;23.40;61.62;204.56;-7.41;65.16;195.26;-12.88;32.95;201.70;-11.60;0.52;192.18;-14.20;-5.63;200.23;4.12;64.07;194.04;6.15;29.71;196.98;3.23;-1.34;193.19;3.30;-7.70;201.41
5,710;-1.33;64.27;192.73;0.01;93.52;194.24;1.29;121.90;197.01;3.33;133.21;200.99;-16.49;113.84;196.83;-24.22;91.72;193.41;-26.10;68.38;194.40;-26.18;61.52;194.47;19.48;110.54;195.58;25.68;87.63;195.22;24.46;69.48;203.91;23.19;62.87;209.06;-7.17;65.11;196.71;-12.51;32.61;204.19;-11.59;0.13;197.95;-14.16;-5.85;206.10;4.41;64.01;195.60;6.32;29.29;197.65;3.17;-1.67;193.32;3.36;-7.99;201.60
5,744;-1.17;64.21;194.31;0.14;93.46;195.96;1.37;121.86;198.87;3.29;133.16;202.89;-16.46;113.79;198.49;-24.06;91.76;194.56;-26.25;68.37;194.71;-26.42;61.37;194.76;19.59;110.46;197.62;25.91;87.69;197.82;24.34;70.64;207.67;22.69;64.21;213.51;-7.02;65.05;198.25;-12.19;32.26;206.54;-11.64;-0.18;203.95;-14.23;-5.96;212.18;4.58;63.95;197.22;6.41;28.90;198.36;3.12;-1.90;193.47;3.32;-8.25;201.69
5,778;-1.09;64.13;195.88;0.16;93.41;197.66;1.33;121.82;200.69;3.10;133.10;204.78;-16.53;113.74;200.10;-24.01;91.77;195.79;-26.45;68.40;195.20;-26.67;61.27;195.28;19.58;110.40;199.73;25.87;87.92;200.46;24.00;71.80;211.29;21.94;65.64;217.78;-6.95;64.98;199.78;-11.95;31.93;208.79;-11.78;-0.18;209.54;-14.24;-5.93;217.85;4.67;63.87;198.82;6.45;28.56;199.05;3.08;-2.05;193.64;3.25;-8.49;201.71
5,810;-1.09;64.02;197.59;0.08;93.33;199.46;1.18;121.77;202.58;2.81;133.06;206.69;-16.71;113.66;201.81;-24.07;91.74;197.13;-26.69;68.47;195.88;-26.95;61.23;196.01;19.43;110.33;201.84;25.67;88.22;203.03;23.50;73.00;214.66;21.00;67.18;221.75;-6.96;64.87;201.43;-11.77;31.65;210.94;-11.98;-0.05;214.63;-14.07;-5.51;223.50;4.66;63.77;200.59;6.46;28.27;199.77;3.07;-2.17;193.83;3.15;-8.71;201.73
5,845;-1.16;63.88;199.34;-0.08;93.23;201.26;0.93;121.70;204.45;2.41;132.98;208.61;-16.99;113.55;203.55;-24.21;91.67;198.56;-26.99;68.48;196.79;-27.27;61.13;196.98;19.18;110.23;203.94;25.37;88.56;205.52;22.80;74.15;218.02;19.75;68.52;225.59;-7.02;64.75;203.13;-11.65;31.43;212.97;-12.19;0.12;218.91;-14.14;-5.32;227.84;4.59;63.63;202.38;6.44;28.04;200.57;3.08;-2.27;194.04;3.09;-8.84;201.88
5,877;-1.33;63.70;201.25;-0.36;93.11;203.16;0.56;121.62;206.33;1.92;132.89;210.54;-17.37;113.42;205.36;-24.47;91.56;200.15;-27.33;68.44;197.99;-27.59;60.99;198.21;18.81;110.11;206.09;24.78;88.78;208.24;21.96;74.99;221.18;18.44;69.62;229.13;-7.18;64.58;205.03;-11.63;31.33;214.90;-12.36;0.29;222.34;-14.20;-5.10;231.39;4.41;63.44;204.32;6.35;27.83;201.51;3.08;-2.33;194.29;2.99;-9.04;201.90
5,911;-1.60;63.52;203.29;-0.73;93.00;205.15;0.09;121.57;208.28;1.36;132.84;212.51;-17.83;113.30;207.21;-24.82;91.44;201.88;-27.72;68.37;199.47;-27.97;60.87;199.67;18.35;109.99;208.19;24.08;88.95;210.80;20.99;75.69;224.13;17.06;70.47;232.32;-7.43;64.42;207.04;-11.70;31.28;216.73;-12.52;0.45;224.86;-14.21;-4.86;234.08;4.13;63.25;206.38;6.26;27.65;202.54;3.09;-2.35;194.59;2.79;-9.12;202.04
5,944;-1.97;63.36;205.44;-1.18;92.91;207.18;-0.44;121.54;210.18;0.76;132.81;214.42;-18.38;113.18;209.14;-25.28;91.31;203.72;-28.14;68.27;201.12;-28.37;60.72;201.31;17.78;109.87;210.32;23.31;89.08;213.21;20.01;76.16;226.77;15.73;71.07;235.06;-7.78;64.28;209.18;-11.92;31.24;218.55;-12.63;0.58;226.58;-14.18;-4.73;235.84;3.76;63.09;208.55;6.18;27.54;203.86;3.10;-2.31;194.91;2.57;-9.17;202.22
5,977;-2.47;63.25;207.67;-1.74;92.86;209.26;-1.06;121.54;212.12;0.11;132.83;216.37;-18.99;113.10;211.09;-25.83;91.21;205.69;-28.59;68.16;203.04;-28.79;60.60;203.16;17.15;109.76;212.43;22.47;89.10;215.56;19.00;76.32;229.18;14.50;71.27;237.47;-8.26;64.18;211.39;-12.21;31.22;220.32;-12.71;0.61;227.65;-14.12;-4.79;237.00;3.26;62.98;210.79;6.07;27.52;205.63;3.06;-2.21;195.44;2.60;-9.22;202.10
6,010;-3.03;63.17;209.98;-2.36;92.85;211.37;-1.72;121.58;214.04;-0.55;132.92;218.26;-19.66;113.07;213.08;-26.47;91.12;207.81;-29.04;68.06;205.11;-29.21;60.48;205.21;16.47;109.68;214.48;21.66;89.04;217.87;18.05;76.27;231.37;13.44;71.13;239.50;-8.82;64.10;213.66;-12.55;31.28;222.01;-12.76;0.54;228.33;-13.95;-4.96;237.61;2.70;62.91;213.13;5.94;27.64;207.77;2.97;-2.05;196.16;2.44;-8.60;203.55
6,044;-3.63;63.14;212.33;-3.01;92.89;213.51;-2.41;121.67;215.97;-1.23;133.07;220.15;-20.35;113.07;215.08;-27.16;91.07;209.96;-29.55;67.99;207.44;-29.72;60.44;207.56;15.78;109.67;216.49;20.88;88.86;220.03;17.15;75.98;233.43;12.56;70.67;241.20;-9.41;64.06;216.01;-12.94;31.33;223.60;-12.81;0.40;228.81;-13.89;-5.35;237.73;2.11;62.88;215.49;5.76;27.96;210.38;2.78;-1.71;197.32;2.55;-8.31;204.50
6,076;-4.26;63.15;214.68;-3.67;92.96;215.62;-3.10;121.79;217.85;-1.90;133.26;221.97;-21.04;113.14;217.01;-27.90;91.07;212.17;-30.13;67.95;209.97;-30.31;60.45;210.14;15.06;109.75;218.45;20.10;88.64;222.11;16.23;75.21;235.40;11.87;69.74;242.67;-10.03;64.05;218.35;-13.41;31.29;225.08;-12.86;0.30;229.17;-13.90;-5.70;237.71;1.50;62.93;217.85;5.53;28.38;213.18;2.54;-1.35;198.72;2.66;-8.02;205.62
6,110;-4.88;63.23;217.00;-4.33;93.09;217.73;-3.78;121.96;219.74;-2.56;133.50;223.79;-21.72;113.24;218.96;-28.67;91.09;214.48;-30.76;67.96;212.69;-30.95;60.51;212.98;14.37;109.87;220.35;19.42;88.37;224.06;15.47;74.44;236.99;11.50;68.77;243.79;-10.66;64.08;220.67;-13.92;31.30;226.48;-12.94;0.23;229.52;-13.84;-5.88;237.90;0.90;63.05;220.17;5.24;28.81;216.15;2.23;-1.13;200.74;2.68;-7.85;207.43
6,144;-5.49;63.34;219.18;-4.96;93.25;219.72;-4.44;122.15;221.55;-3.19;133.76;225.55;-22.36;113.35;220.90;-29.35;91.08;216.94;-31.42;68.10;215.49;-31.63;60.70;216.01;13.72;110.02;222.19;18.85;88.16;225.79;14.86;73.63;238.31;11.35;67.70;244.61;-11.27;64.15;222.85;-14.44;31.34;227.77;-13.04;0.18;229.86;-13.78;-6.07;238.03;0.32;63.22;222.35;4.88;29.23;219.29;1.88;-0.81;203.47;2.59;-7.63;209.79
6,178;-6.04;63.46;221.22;-5.54;93.41;221.62;-5.05;122.34;223.31;-3.78;134.01;227.27;-22.97;113.45;222.77;-29.86;91.01;219.51;-32.07;68.28;218.39;-32.30;60.92;219.17;13.10;110.17;223.95;18.31;87.95;227.45;14.42;72.77;239.42;11.46;66.58;245.17;-11.82;64.21;224.91;-14.92;31.38;228.93;-13.14;0.15;230.13;-13.72;-6.22;238.14;-0.21;63.40;224.37;4.43;29.68;222.67;1.35;-0.66;206.94;2.75;-7.50;212.73
6,210;-6.51;63.59;223.14;-6.06;93.56;223.44;-5.62;122.50;225.03;-4.33;134.22;228.96;-23.53;113.54;224.60;-30.37;90.97;221.88;-32.70;68.45;221.38;-32.96;61.09;222.43;12.57;110.34;225.57;17.82;87.77;228.95;14.15;71.89;240.31;11.76;65.46;245.52;-12.29;64.28;226.86;-15.34;31.41;229.94;-13.24;0.17;230.32;-13.61;-6.31;238.07;-0.66;63.59;226.25;3.93;30.14;225.98;0.83;-0.53;210.69;2.72;-7.25;216.62
6,245;-6.90;63.70;224.86;-6.51;93.69;225.15;-6.13;122.64;226.73;-4.82;134.41;230.63;-24.02;113.61;226.39;-30.85;90.93;224.16;-33.27;68.70;224.40;-33.52;61.34;225.75;12.08;110.50;227.11;17.42;87.63;230.23;14.02;71.02;240.98;12.19;64.40;245.66;-12.68;64.33;228.64;-15.71;31.35;230.87;-13.33;0.19;230.45;-13.52;-6.39;237.98;-1.04;63.76;227.93;3.39;30.46;229.14;0.33;-0.45;214.94;2.62;-7.24;220.76
6,277;-7.25;63.80;226.45;-6.91;93.80;226.77;-6.57;122.75;228.38;-5.24;134.55;232.26;-24.43;113.68;228.16;-31.24;90.88;226.40;-33.74;68.98;227.45;-33.94;61.67;229.11;11.65;110.64;228.58;17.11;87.53;231.33;14.02;70.18;241.48;12.70;63.40;245.66;-13.03;64.37;230.26;-16.03;31.21;231.71;-13.40;0.11;230.55;-13.50;-6.51;238.03;-1.38;63.92;229.47;2.84;30.53;232.13;0.14;-0.42;219.59;2.56;-7.36;225.17
6,309;-7.57;63.88;227.93;-7.27;93.88;228.33;-6.95;122.83;230.02;-5.59;134.64;233.90;-24.79;113.72;229.89;-31.56;90.83;228.60;-34.08;69.24;230.43;-34.19;62.02;232.43;11.29;110.75;230.00;16.89;87.49;232.29;14.21;69.55;241.72;13.31;62.60;245.49;-13.35;64.40;231.80;-16.30;30.98;232.52;-13.43;-0.03;230.66;-13.49;-6.65;238.13;-1.70;64.06;230.91;2.33;30.47;235.07;0.16;-0.45;224.66;2.32;-6.83;231.21
6,346;-7.88;63.94;229.36;-7.59;93.94;229.85;-7.28;122.87;231.64;-5.86;134.69;235.53;-25.09;113.72;231.60;-31.83;90.76;230.66;-34.26;69.59;233.25;-34.26;62.48;235.66;10.97;110.82;231.36;16.73;87.51;233.05;14.54;69.09;241.74;13.94;62.00;245.15;-13.65;64.41;233.27;-16.51;30.80;233.35;-13.45;-0.20;230.75;-13.48;-6.80;238.25;-1.99;64.16;232.28;1.91;30.50;238.00;0.33;-0.25;230.01;2.24;-6.57;236.75
6,379;-8.16;63.96;230.76;-7.86;93.94;231.37;-7.55;122.85;233.27;-6.06;134.68;237.15;-25.34;113.69;233.28;-32.06;90.68;232.59;-34.29;69.88;236.05;-34.15;62.87;238.78;10.71;110.86;232.72;16.63;87.58;233.67;14.91;68.62;241.71;14.54;61.42;244.74;-13.92;64.39;234.70;-16.66;30.59;234.22;-13.44;-0.47;230.85;-13.43;-6.94;238.55;-2.27;64.23;233.65;1.57;30.71;240.98;0.57;0.10;235.34;2.32;-5.64;243.12
6,411;-8.39;63.93;232.15;-8.10;93.90;232.87;-7.78;122.79;234.90;-6.20;134.63;238.77;-25.53;113.61;234.94;-32.33;90.61;234.30;-34.22;70.14;238.66;-33.91;63.26;241.75;10.52;110.85;234.00;16.58;87.65;234.23;15.29;68.16;241.62;15.10;60.89;244.31;-14.16;64.34;236.13;-16.78;30.32;235.11;-13.42;-0.75;230.98;-13.40;-7.07;238.89;-2.49;64.24;235.00;1.35;31.02;243.85;0.91;0.53;240.46;2.40;-4.65;249.41
6,445;-8.58;63.86;233.56;-8.28;93.81;234.41;-7.95;122.68;236.56;-6.28;134.56;240.38;-25.67;113.49;236.60;-32.54;90.50;236.06;-34.08;70.40;241.18;-33.58;63.64;244.57;10.40;110.80;235.30;16.59;87.68;234.81;15.65;67.75;241.51;15.59;60.41;243.86;-14.35;64.24;237.57;-16.85;29.93;236.04;-13.40;-1.02;231.14;-13.41;-7.29;239.13;-2.67;64.20;236.39;1.24;31.27;246.58;1.32;1.02;245.33;2.37;-3.69;255.35
6,477;-8.69;63.73;235.05;-8.37;93.68;235.97;-8.04;122.54;238.20;-6.28;134.44;242.00;-25.73;113.33;238.28;-32.60;90.31;237.90;-33.84;70.53;243.56;-33.19;63.93;247.23;10.33;110.72;236.66;16.65;87.71;235.43;16.00;67.40;241.39;16.04;60.02;243.45;-14.46;64.09;239.08;-16.89;29.57;237.06;-13.39;-1.30;231.33;-13.63;-7.49;239.40;-2.78;64.11;237.85;1.23;31.59;249.28;1.73;1.54;249.98;2.39;-2.73;260.81
6,510;-8.72;63.56;236.63;-8.39;93.52;237.57;-8.05;122.37;239.82;-6.21;134.29;243.60;-25.73;113.15;239.91;-32.58;90.12;239.68;-33.55;70.55;245.75;-32.79;64.07;249.68;10.31;110.62;238.11;16.74;87.75;236.12;16.35;67.07;241.30;16.44;59.61;243.13;-14.49;63.90;240.67;-16.88;29.18;238.11;-13.38;-1.53;231.57;-13.83;-7.68;239.68;-2.81;63.97;239.42;1.30;31.94;251.88;2.01;2.00;254.11;2.38;-1.84;265.67
6,547;-8.71;63.34;238.33;-8.34;93.32;239.25;-7.96;122.18;241.47;-6.06;134.14;245.22;-25.63;112.93;241.63;-32.46;89.88;241.50;-33.25;70.50;247.78;-32.41;64.03;251.90;10.37;110.50;239.60;16.89;87.77;236.92;16.68;66.74;241.28;16.78;59.21;242.99;-14.48;63.66;242.39;-16.80;28.80;239.24;-13.38;-1.72;231.81;-14.02;-7.85;239.91;-2.80;63.77;241.11;1.39;32.29;254.22;2.10;2.36;257.58;2.43;-1.25;269.48
6,579;-8.63;63.09;240.04;-8.21;93.10;240.93;-7.78;121.99;243.14;-5.83;133.97;246.86;-25.43;112.72;243.35;-32.24;89.65;243.29;-32.96;70.32;249.74;-32.07;63.83;253.90;10.53;110.35;241.18;17.10;87.75;237.86;17.04;66.26;241.48;17.08;58.71;243.06;-14.38;63.41;244.10;-16.67;28.40;240.43;-13.33;-1.99;232.14;-14.22;-8.03;240.29;-2.73;63.55;242.80;1.48;32.54;256.45;2.08;2.58;260.34;2.44;-0.77;272.61
6,612;-8.47;62.85;241.86;-7.97;92.91;242.68;-7.47;121.83;244.83;-5.50;133.84;248.54;-25.10;112.54;245.12;-31.92;89.46;245.08;-32.68;70.10;251.50;-31.77;63.55;255.68;10.79;110.19;242.83;17.36;87.69;239.02;17.36;65.76;241.99;17.34;58.06;243.38;-14.21;63.17;245.94;-16.43;27.98;241.88;-13.21;-2.19;232.63;-14.44;-8.25;240.65;-2.59;63.32;244.60;1.57;32.68;258.44;2.02;2.63;262.47;2.41;-0.45;275.12
6,646;-8.24;62.64;243.73;-7.65;92.75;244.46;-7.06;121.70;246.53;-5.07;133.73;250.24;-24.67;112.40;246.89;-31.45;89.29;246.92;-32.41;69.86;253.05;-31.54;63.24;257.18;11.15;110.05;244.56;17.68;87.63;240.39;17.68;65.28;242.65;17.60;57.40;244.00;-13.97;62.98;247.83;-16.25;27.96;243.85;-13.11;-2.26;233.23;-14.70;-8.47;240.85;-2.38;63.11;246.45;1.66;32.75;260.21;1.95;2.58;264.00;2.36;-0.49;276.66
6,679;-7.83;62.49;245.66;-7.19;92.63;246.29;-6.56;121.61;248.28;-4.56;133.65;252.00;-24.18;112.30;248.65;-30.92;89.18;248.68;-32.12;69.52;254.49;-31.31;62.79;258.47;11.59;109.94;246.42;18.06;87.55;241.99;18.04;64.80;243.72;17.88;56.90;245.01;-13.56;62.85;249.75;-16.17;28.17;246.12;-13.07;-2.15;234.16;-14.94;-8.53;241.32;-1.98;62.96;248.39;1.79;32.80;261.83;1.91;2.49;265.12;2.30;-0.56;277.77
6,711;-7.37;62.38;247.57;-6.67;92.55;248.13;-6.00;121.55;250.02;-3.99;133.60;253.76;-23.63;112.25;250.40;-30.36;89.12;250.38;-31.84;69.16;255.75;-31.10;62.33;259.56;12.09;109.83;248.34;18.50;87.47;243.74;18.47;64.34;245.14;18.18;56.46;246.45;-13.10;62.77;251.65;-16.15;28.67;248.91;-13.11;-1.69;235.54;-15.12;-8.36;241.96;-1.53;62.82;250.33;1.93;32.76;263.26;1.92;2.27;265.93;2.26;-0.75;278.59
6,745;-6.89;62.28;249.52;-6.13;92.48;250.00;-5.40;121.50;251.83;-3.38;133.58;255.55;-23.05;112.21;252.18;-29.80;89.09;252.01;-31.56;68.81;256.90;-30.90;61.87;260.49;12.64;109.70;250.26;19.00;87.30;245.71;18.95;64.02;246.99;18.51;56.18;248.34;-12.63;62.73;253.58;-16.18;29.23;251.83;-13.21;-1.21;237.20;-15.29;-8.06;242.90;-1.07;62.68;252.28;2.10;32.68;264.51;1.93;1.96;266.53;2.23;-1.05;279.19
6,777;-6.41;62.21;251.39;-5.59;92.44;251.83;-4.80;121.46;253.64;-2.78;133.56;257.37;-22.47;112.19;253.93;-29.27;89.11;253.51;-31.29;68.45;257.95;-30.71;61.44;261.30;13.21;109.55;252.17;19.49;87.07;247.84;19.45;63.77;249.28;18.89;55.97;250.70;-12.15;62.72;255.43;-16.24;29.85;254.91;-13.28;-0.70;239.14;-15.57;-7.62;244.51;-0.61;62.57;254.17;2.29;32.62;265.67;1.94;1.64;267.00;2.21;-1.35;279.66
6,810;-5.95;62.20;253.23;-5.07;92.43;253.66;-4.22;121.44;255.45;-2.20;133.57;259.19;-21.93;112.21;255.65;-28.74;89.14;255.04;-31.02;68.09;258.87;-30.53;61.07;262.00;13.77;109.43;254.03;19.99;86.83;250.10;19.85;63.62;252.06;19.28;55.86;253.50;-11.71;62.76;257.27;-16.27;30.54;258.19;-13.39;-0.28;241.68;-15.87;-7.24;246.82;-0.15;62.50;256.03;2.49;32.54;266.75;1.93;1.33;267.45;2.16;-1.66;280.11
6,845;-5.51;62.21;254.97;-4.59;92.44;255.42;-3.71;121.43;257.23;-1.68;133.59;260.98;-21.45;112.25;257.34;-28.24;89.18;256.53;-30.77;67.74;259.71;-30.36;60.73;262.60;14.26;109.35;255.88;20.46;86.63;252.43;20.23;63.70;254.93;19.64;56.03;256.68;-11.29;62.83;258.98;-16.33;31.23;261.48;-13.49;0.12;244.68;-15.99;-6.68;250.00;0.30;62.46;257.79;2.71;32.42;267.74;1.90;1.00;267.84;2.08;-1.98;280.49
6,878;-5.12;62.23;256.58;-4.19;92.45;257.10;-3.30;121.43;258.98;-1.27;133.60;262.74;-21.07;112.29;259.00;-27.85;89.25;257.94;-30.55;67.38;260.54;-30.23;60.39;263.20;14.70;109.28;257.68;20.90;86.44;254.80;20.57;63.93;258.13;19.93;56.46;260.23;-10.93;62.91;260.55;-16.36;31.65;264.57;-13.63;0.38;248.31;-15.73;-5.96;254.41;0.71;62.43;259.44;2.91;32.20;268.67;1.84;0.62;268.15;1.99;-2.35;280.81
6,910;-4.85;62.25;258.11;-3.90;92.47;258.74;-3.01;121.44;260.74;-0.98;133.65;264.48;-20.77;112.36;260.64;-27.62;89.37;259.22;-30.40;67.11;261.38;-30.19;60.12;263.82;15.02;109.21;259.50;21.27;86.28;257.16;20.76;64.37;261.50;20.04;57.07;264.05;-10.69;62.99;262.04;-16.29;31.76;267.42;-13.75;0.56;252.54;-15.51;-5.26;259.60;1.00;62.41;261.01;3.07;31.86;269.50;1.75;0.19;268.45;1.85;-2.79;281.09
6,944;-4.71;62.28;259.59;-3.75;92.50;260.33;-2.84;121.46;262.45;-0.83;133.71;266.18;-20.60;112.43;262.23;-27.51;89.50;260.47;-30.36;66.95;262.22;-30.28;59.95;264.46;15.23;109.17;261.27;21.53;86.14;259.57;20.74;64.94;265.01;19.92;57.83;268.09;-10.57;63.06;263.49;-16.12;31.70;269.99;-13.97;0.55;257.27;-15.45;-4.61;265.54;1.16;62.40;262.51;3.17;31.48;270.23;1.64;-0.24;268.70;1.69;-3.22;281.34
6,977;-4.65;62.33;261.02;-3.71;92.55;261.89;-2.82;121.50;264.14;-0.85;133.79;267.86;-20.55;112.50;263.78;-27.52;89.63;261.69;-30.44;66.89;263.05;-30.54;59.85;265.11;15.31;109.16;263.06;21.64;86.03;261.98;20.50;65.73;268.77;19.51;58.72;272.31;-10.54;63.14;264.91;-15.89;31.58;272.30;-14.24;0.45;262.51;-15.46;-4.03;272.13;1.25;62.43;263.96;3.23;31.11;270.87;1.52;-0.61;268.92;1.50;-3.60;281.54
7,010;-4.67;62.38;262.47;-3.77;92.62;263.44;-2.93;121.56;265.80;-1.03;133.89;269.54;-20.65;112.58;265.32;-27.63;89.76;262.92;-30.66;66.91;263.88;-30.92;59.79;265.79;15.27;109.17;264.86;21.56;86.07;264.42;19.97;66.58;272.50;18.75;59.82;276.56;-10.60;63.20;266.33;-15.66;31.50;274.50;-14.54;0.51;268.05;-15.44;-3.40;278.84;1.26;62.48;265.43;3.26;30.70;271.49;1.40;-0.97;269.09;1.31;-3.96;281.71
7,045;-4.76;62.43;263.92;-3.95;92.68;264.98;-3.19;121.62;267.43;-1.38;133.99;271.17;-20.89;112.64;266.87;-27.87;89.88;264.14;-31.00;67.01;264.74;-31.44;59.82;266.50;15.09;109.20;266.69;21.34;86.27;266.84;19.25;67.77;276.11;17.63;61.19;280.71;-10.72;63.25;267.75;-15.49;31.53;276.55;-14.89;0.79;273.36;-15.37;-2.63;285.06;1.20;62.53;266.90;3.26;30.33;272.10;1.29;-1.31;269.25;1.12;-4.31;281.86
7,077;-4.93;62.43;265.44;-4.25;92.72;266.55;-3.61;121.68;269.06;-1.90;134.09;272.80;-21.28;112.65;268.44;-28.26;89.97;265.34;-31.45;67.14;265.63;-32.06;59.83;267.29;14.77;109.25;268.53;20.88;86.52;269.33;18.41;69.13;279.51;16.23;62.80;284.70;-10.90;63.25;269.25;-15.41;31.65;278.49;-15.31;0.45;278.56;-15.41;-2.60;290.89;1.05;62.54;268.45;3.25;30.00;272.72;1.20;-1.61;269.40;0.96;-4.61;282.00
7,110;-5.18;62.41;267.04;-4.64;92.74;268.17;-4.14;121.73;270.70;-2.56;134.20;274.42;-21.82;112.62;270.02;-28.76;90.00;266.57;-32.02;67.26;266.60;-32.79;59.84;268.15;14.31;109.31;270.34;20.26;86.73;271.82;17.35;70.47;282.85;14.56;64.46;288.47;-11.14;63.23;270.82;-15.39;31.86;280.24;-15.75;0.14;283.07;-15.71;-2.76;295.62;0.81;62.53;270.07;3.25;29.69;273.42;1.12;-1.86;269.54;0.81;-4.85;282.14
7,145;-5.47;62.36;268.69;-5.11;92.76;269.80;-4.77;121.79;272.32;-3.36;134.32;276.04;-22.46;112.57;271.62;-29.32;89.98;267.88;-32.69;67.31;267.67;-33.56;59.77;269.11;13.74;109.40;272.15;19.49;86.95;274.27;16.11;71.71;285.99;12.73;66.06;291.96;-11.42;63.17;272.45;-15.45;32.20;281.82;-16.17;-0.17;286.75;-16.18;-3.06;299.28;0.51;62.50;271.75;3.23;29.41;274.19;1.05;-2.04;269.69;0.69;-5.02;282.29
7,179;-5.83;62.29;270.44;-5.66;92.76;271.49;-5.51;121.86;273.96;-4.27;134.46;277.66;-23.19;112.49;273.27;-29.94;89.91;269.33;-33.39;67.29;268.87;-34.29;59.65;270.20;13.06;109.53;273.95;18.56;87.11;276.68;14.78;72.79;288.98;10.84;67.48;295.09;-11.75;63.09;274.19;-15.63;32.58;283.30;-16.49;-0.56;289.51;-16.53;-3.46;302.02;0.14;62.46;273.50;3.18;29.23;275.13;0.99;-2.16;269.89;0.58;-5.14;282.49
7,211;-6.25;62.20;272.20;-6.27;92.76;273.20;-6.30;121.92;275.62;-5.24;134.60;279.29;-23.99;112.40;274.97;-30.59;89.78;270.96;-34.09;67.16;270.21;-34.94;59.45;271.45;12.35;109.67;275.72;17.61;87.25;278.91;13.44;73.68;291.54;9.02;68.69;297.75;-12.13;62.98;275.93;-15.90;32.90;284.69;-16.65;-1.06;291.34;-16.70;-3.97;303.84;-0.29;62.40;275.28;3.09;29.15;276.25;0.90;-2.23;270.13;0.47;-5.19;282.74
7,246;-6.68;62.09;273.94;-6.90;92.74;274.89;-7.10;121.97;277.27;-6.23;134.72;280.89;-24.81;112.27;276.63;-31.20;89.55;272.80;-34.75;66.97;271.66;-35.52;59.21;272.85;11.61;109.80;277.47;16.73;87.35;280.91;12.13;74.36;293.69;7.37;69.57;299.91;-12.52;62.86;277.63;-16.26;33.14;286.05;-16.72;-1.72;292.36;-16.77;-4.65;304.84;-0.75;62.32;277.06;2.95;29.10;277.46;0.74;-2.20;270.53;0.29;-5.15;283.14
7,277;-7.12;61.98;275.64;-7.53;92.71;276.55;-7.90;122.01;278.89;-7.19;134.84;282.48;-25.62;112.12;278.28;-31.77;89.29;274.67;-35.34;66.67;273.27;-36.00;58.90;274.41;10.86;109.93;279.18;15.91;87.34;282.73;10.95;74.72;295.50;6.02;70.02;301.62;-12.93;62.73;279.30;-16.64;33.25;287.31;-16.74;-2.56;292.96;-16.80;-5.50;305.42;-1.20;62.24;278.80;2.74;29.06;278.76;0.48;-2.18;271.08;0.01;-5.13;283.69
7,311;-7.56;61.89;277.27;-8.14;92.71;278.16;-8.67;122.08;280.48;-8.07;134.97;284.04;-26.36;112.00;279.89;-32.30;89.04;276.58;-35.88;66.38;275.01;-36.39;58.70;276.15;10.12;110.05;280.87;15.21;87.26;284.32;9.88;74.63;297.09;5.01;69.95;302.92;-13.34;62.63;280.90;-17.03;33.23;288.51;-16.73;-3.14;293.15;-16.81;-6.08;305.61;-1.66;62.18;280.45;2.44;29.07;280.14;0.17;-2.17;271.69;-0.33;-5.11;284.29
7,345;-8.04;61.84;278.82;-8.75;92.74;279.70;-9.39;122.16;282.02;-8.87;135.09;285.50;-27.03;111.94;281.45;-32.77;88.84;278.51;-36.32;66.15;276.85;-36.66;58.57;278.01;9.44;110.17;282.48;14.67;87.19;285.64;9.00;74.31;298.39;4.41;69.47;303.82;-13.81;62.56;282.44;-17.42;33.11;289.59;-16.72;-3.35;293.10;-16.82;-6.28;305.56;-2.13;62.16;282.00;2.07;29.13;281.56;-0.22;-2.09;272.55;-0.73;-5.03;285.15
7,378;-8.56;61.80;280.28;-9.33;92.78;281.18;-10.03;122.26;283.52;-9.54;135.17;286.88;-27.57;111.90;282.78;-33.19;88.65;280.44;-36.64;65.99;278.83;-36.81;58.52;279.99;8.83;110.26;284.01;14.26;87.12;286.72;8.42;73.81;299.38;4.24;68.69;304.33;-14.32;62.52;283.91;-17.81;32.91;290.59;-16.73;-3.50;293.06;-16.89;-6.43;305.51;-2.62;62.15;283.46;1.66;29.23;283.01;-0.59;-2.08;273.74;-1.14;-5.01;286.33
7,411;-9.08;61.79;281.61;-9.87;92.83;282.54;-10.57;122.35;284.92;-10.07;135.22;288.14;-28.04;111.95;284.40;-33.52;88.59;282.38;-36.82;65.90;280.92;-36.84;58.55;282.03;8.32;110.31;285.37;14.00;87.07;287.60;8.18;73.18;300.04;4.54;67.72;304.60;-14.85;62.49;285.24;-18.17;32.61;291.48;-16.75;-3.64;293.05;-16.84;-6.53;305.50;-3.10;62.15;284.78;1.26;29.33;284.51;-0.88;-1.80;275.47;-0.33;-4.98;285.86
7,445;-9.57;61.78;282.81;-10.34;92.88;283.78;-11.01;122.44;286.22;-10.45;135.22;289.28;-28.38;112.02;285.89;-33.79;88.56;284.23;-36.92;65.87;282.97;-36.79;58.64;284.12;7.88;110.33;286.58;13.84;87.05;288.33;8.26;72.47;300.37;5.24;66.60;304.57;-15.35;62.48;286.48;-18.48;32.24;292.29;-16.77;-3.74;293.07;-16.80;-6.58;305.51;-3.55;62.15;285.95;0.89;29.25;286.02;-1.06;-1.47;277.41;-0.42;-4.65;287.78
7,477;-10.01;61.80;283.91;-10.73;92.95;284.92;-11.35;122.54;287.39;-10.69;135.20;290.29;-28.62;112.12;287.26;-34.03;88.61;285.90;-36.96;65.89;284.99;-36.67;58.88;286.24;7.52;110.34;287.62;13.72;87.04;288.95;8.62;71.64;300.47;6.23;65.38;304.28;-15.81;62.50;287.65;-18.73;31.84;292.99;-16.81;-3.79;293.12;-16.75;-6.60;305.56;-3.95;62.18;286.98;0.59;29.14;287.58;-1.13;-1.00;279.68;-0.97;-4.63;288.92
7,511;-10.38;61.83;284.94;-11.05;93.03;285.98;-11.61;122.66;288.48;-10.80;135.18;291.21;-28.76;112.25;288.64;-34.27;88.73;287.44;-36.96;66.02;287.03;-36.52;59.13;288.36;7.24;110.35;288.48;13.65;87.04;289.45;9.19;70.78;300.35;7.39;64.22;303.78;-16.19;62.53;288.77;-18.96;31.44;293.62;-16.85;-3.81;293.17;-16.67;-6.58;305.61;-4.29;62.22;287.91;0.33;29.00;289.23;-1.15;-1.19;281.96;-0.86;-4.80;291.19
7,545;-10.69;61.87;285.90;-11.29;93.12;286.94;-11.80;122.78;289.46;-10.82;135.15;292.01;-28.83;112.39;289.93;-34.48;88.88;288.91;-36.94;66.19;289.03;-36.37;59.34;290.43;7.04;110.37;289.19;13.61;87.04;289.82;9.90;69.97;300.01;8.64;63.21;303.09;-16.50;62.56;289.84;-19.16;31.07;294.19;-16.89;-3.78;293.19;-16.55;-6.54;305.64;-4.57;62.28;288.77;0.11;28.92;290.92;-1.08;-1.34;284.37;-0.62;-4.93;293.57
7,578;-10.90;61.91;286.81;-11.45;93.20;287.83;-11.90;122.89;290.34;-10.76;135.10;292.72;-28.83;112.52;291.13;-34.65;89.02;290.28;-36.87;66.38;290.95;-36.23;59.54;292.43;6.93;110.39;289.77;13.60;87.05;290.11;10.71;69.25;299.49;9.92;62.32;302.25;-16.72;62.59;290.84;-19.34;30.72;294.71;-16.92;-3.71;293.20;-16.41;-6.47;305.64;-4.77;62.33;289.58;-0.05;28.80;292.58;-0.92;-1.60;287.29;-0.29;-5.15;296.47
7,611;-11.01;61.94;287.67;-11.52;93.27;288.64;-11.93;122.98;291.10;-10.62;135.04;293.36;-28.79;112.64;292.33;-34.76;89.15;291.56;-36.81;66.57;292.77;-36.10;59.76;294.38;6.87;110.43;290.26;13.59;87.08;290.32;11.56;68.59;298.84;11.13;61.53;301.29;-16.83;62.59;291.80;-19.50;30.40;295.24;-16.94;-3.63;293.18;-16.23;-6.38;305.62;-4.88;62.38;290.34;-0.20;28.71;294.21;-0.72;-1.84;289.92;0.11;-5.36;299.08
7,645;-11.05;61.95;288.51;-11.52;93.31;289.38;-11.89;123.04;291.76;-10.44;134.98;293.93;-28.71;112.70;293.34;-34.84;89.24;292.68;-36.75;66.70;294.42;-35.99;59.95;296.21;6.87;110.46;290.70;13.60;87.12;290.47;12.39;68.00;298.08;12.21;60.82;300.22;-16.85;62.58;292.73;-19.65;30.11;295.77;-16.94;-3.53;293.15;-16.07;-6.28;305.59;-4.92;62.42;291.09;-0.35;28.65;295.76;-0.57;-2.18;292.17;-0.10;-5.54;302.42
7,677;-11.04;61.94;289.34;-11.47;93.35;290.08;-11.81;123.10;292.34;-10.22;134.92;294.43;-28.58;112.70;294.09;-34.88;89.26;293.66;-36.68;66.79;295.88;-35.90;60.08;297.90;6.92;110.48;291.13;13.65;87.18;290.56;13.12;67.44;297.30;13.08;60.18;299.06;-16.83;62.56;293.63;-19.78;29.90;296.30;-16.94;-3.44;293.10;-15.97;-6.18;305.54;-4.92;62.44;291.85;-0.51;28.65;297.11;-0.50;-2.69;293.97;-0.46;-5.88;305.30
7,711;-10.99;61.92;290.16;-11.38;93.38;290.74;-11.69;123.16;292.84;-9.97;134.86;294.88;-28.42;112.69;294.81;-34.88;89.28;294.53;-36.59;66.87;297.22;-35.80;60.17;299.39;6.99;110.51;291.51;13.73;87.24;290.63;13.72;66.95;296.54;13.72;59.63;297.92;-16.78;62.52;294.48;-19.88;29.73;296.82;-16.93;-3.34;293.05;-15.86;-6.07;305.50;-4.88;62.44;292.63;-0.69;28.72;298.26;-0.53;-3.31;295.40;-0.10;-6.24;307.27
7,745;-10.92;61.89;290.93;-11.26;93.41;291.34;-11.54;123.22;293.30;-9.70;134.82;295.27;-28.24;112.68;295.42;-34.83;89.28;295.30;-36.47;66.92;298.37;-35.67;60.24;300.62;7.07;110.53;291.86;13.82;87.29;290.72;14.22;66.58;295.84;14.19;59.20;296.86;-16.69;62.48;295.27;-19.96;29.61;297.32;-16.92;-3.25;293.02;-15.77;-5.96;305.48;-4.82;62.43;293.38;-0.87;28.82;299.16;-0.59;-3.71;296.50;0.21;-6.37;308.92
7,778;-10.84;61.86;291.64;-11.12;93.44;291.90;-11.35;123.30;293.72;-9.42;134.78;295.60;-28.01;112.68;295.98;-34.70;89.30;295.98;-36.32;66.94;299.29;-35.48;60.32;301.56;7.20;110.55;292.31;13.92;87.34;290.86;14.54;66.12;295.24;14.46;58.74;295.96;-16.61;62.45;295.99;-20.00;29.53;297.79;-16.90;-3.15;293.02;-15.72;-5.85;305.47;-4.75;62.42;294.08;-1.02;28.90;299.84;-0.64;-3.78;297.36;0.20;-6.42;309.78
7,810;-10.73;61.84;292.29;-10.96;93.48;292.42;-11.13;123.40;294.11;-9.14;134.76;295.90;-27.75;112.69;296.52;-34.52;89.33;296.59;-36.14;66.97;300.01;-35.21;60.42;302.20;7.36;110.57;292.79;14.02;87.37;291.05;14.75;65.69;294.78;14.51;58.34;295.30;-16.49;62.42;296.63;-20.02;29.49;298.27;-16.87;-3.06;293.03;-15.66;-5.74;305.49;-4.65;62.40;294.73;-1.14;28.98;300.35;-0.72;-3.81;297.73;0.14;-6.43;310.16
7,845;-10.60;61.81;292.88;-10.77;93.52;292.90;-10.90;123.50;294.49;-8.86;134.74;296.18;-27.46;112.71;297.04;-34.32;89.36;297.14;-35.95;66.96;300.54;-34.89;60.48;302.57;7.53;110.56;293.26;14.14;87.39;291.30;14.81;65.61;294.59;14.39;58.24;294.95;-16.35;62.39;297.22;-19.98;29.51;298.73;-16.82;-2.96;293.07;-15.59;-5.64;305.53;-4.53;62.38;295.33;-1.22;29.05;300.74;-0.83;-3.80;297.73;0.05;-6.42;310.16
7,878;-10.44;61.79;293.41;-10.58;93.57;293.35;-10.67;123.60;294.86;-8.59;134.73;296.44;-27.17;112.72;297.54;-34.09;89.39;297.62;-35.74;66.98;300.88;-34.54;60.55;302.65;7.70;110.56;293.72;14.27;87.39;291.59;14.79;65.56;294.52;14.16;58.24;294.88;-16.19;62.38;297.73;-19.92;29.58;299.17;-16.76;-2.87;293.13;-15.51;-5.54;305.59;-4.39;62.36;295.88;-1.23;29.09;301.00;-0.94;-3.79;297.66;-0.04;-6.40;310.09
7,911;-10.27;61.77;293.87;-10.37;93.62;293.77;-10.43;123.70;295.23;-8.32;134.71;296.72;-26.88;112.74;298.02;-33.86;89.42;298.02;-35.52;67.07;301.07;-34.19;60.64;302.52;7.88;110.56;294.16;14.40;87.39;291.93;13.88;65.74;295.96;13.14;58.89;296.10;-16.01;62.37;298.19;-19.82;29.66;299.59;-16.68;-2.78;293.21;-15.42;-5.45;305.68;-4.23;62.34;296.35;-1.20;29.11;301.20;-1.04;-3.78;297.55;-0.13;-6.38;309.98
7,945;-10.10;61.76;294.27;-10.17;93.67;294.15;-10.20;123.80;295.60;-8.07;134.69;297.01;-26.59;112.76;298.48;-33.62;89.46;298.37;-35.30;67.19;301.14;-33.84;60.77;302.23;8.06;110.56;294.59;14.53;87.39;292.31;12.93;65.98;297.52;12.09;59.51;297.50;-15.83;62.37;298.58;-19.70;29.75;299.97;-16.60;-2.71;293.33;-15.33;-5.37;305.80;-4.07;62.33;296.73;-1.14;29.11;301.39;-1.13;-3.75;297.44;-0.19;-6.36;309.88
7,978;-9.93;61.76;294.60;-9.98;93.70;294.50;-9.98;123.87;295.95;-7.84;134.65;297.30;-26.32;112.78;298.93;-33.37;89.50;298.67;-35.07;67.35;301.12;-33.49;60.92;301.85;8.26;110.56;295.04;14.66;87.37;292.70;11.96;66.23;299.19;11.03;60.18;299.05;-15.66;62.37;298.92;-19.57;29.84;300.32;-16.51;-2.64;293.45;-15.24;-5.31;305.92;-3.92;62.32;297.06;-1.06;29.11;301.56;-1.18;-3.72;297.34;-0.25;-6.33;309.77
8,010;-9.77;61.76;294.90;-9.80;93.73;294.83;-9.78;123.93;296.30;-7.63;134.60;297.59;-26.07;112.80;299.34;-33.13;89.53;298.94;-34.83;67.54;301.05;-33.15;61.09;301.50;8.43;110.56;295.44;14.79;87.36;293.08;11.00;66.59;300.93;10.04;60.91;300.67;-15.49;62.38;299.23;-19.43;29.92;300.63;-16.42;-2.58;293.57;-15.14;-5.26;306.04;-3.78;62.31;297.36;-0.97;29.15;301.76;-1.25;-3.67;297.24;-0.30;-6.29;309.68
8,046;-9.61;61.76;295.16;-9.64;93.75;295.12;-9.60;123.97;296.62;-7.44;134.55;297.88;-25.87;112.80;299.69;-32.92;89.53;299.17;-34.59;67.74;300.95;-32.82;61.26;301.20;8.57;110.56;295.76;14.91;87.35;293.44;10.09;67.05;302.68;9.12;61.72;302.29;-15.33;62.38;299.49;-19.30;29.99;300.90;-16.34;-2.54;293.68;-15.05;-5.21;306.15;-3.63;62.31;297.62;-0.88;29.17;301.95;-1.30;-3.63;297.17;-0.34;-6.25;309.60
8,077;-9.48;61.76;295.39;-9.50;93.77;295.39;-9.45;123.99;296.93;-7.28;134.49;298.16;-25.70;112.80;299.98;-32.72;89.53;299.35;-34.35;67.93;300.85;-32.52;61.41;300.97;8.70;110.58;296.04;15.01;87.34;293.76;9.22;67.38;304.36;8.29;62.43;303.82;-15.20;62.39;299.72;-19.18;30.04;301.12;-16.28;-2.50;293.78;-14.99;-5.18;306.25;-3.51;62.31;297.85;-0.80;29.19;302.12;-1.34;-3.58;297.12;-0.37;-6.21;309.55
8,111;-9.38;61.75;295.59;-9.38;93.77;295.63;-9.32;124.01;297.22;-7.14;134.43;298.43;-25.56;112.79;300.23;-32.53;89.52;299.50;-34.10;68.13;300.75;-32.25;61.57;300.84;8.82;110.58;296.31;15.11;87.34;294.05;8.40;67.55;305.95;7.55;63.01;305.23;-15.10;62.39;299.92;-19.10;30.07;301.29;-16.22;-2.48;293.87;-14.94;-5.16;306.33;-3.42;62.31;298.05;-0.74;29.20;302.27;-1.37;-3.55;297.08;-0.42;-6.17;309.52
